Name,TwitchCurrentViewers,Share of Twitch,Rank,Highest Viewer Rank,Twitch24HoursPeak,AllTimePeak,Avg. Daily High,Avg. Daily Low,Date
Minecraft,"130,808",7.83%,#1,#1,"161,752","1,856,710","131,439","11,513",2024-08-18 12:07
Grand Theft Auto V,"112,383",6.72%,#2,#1,"152,036","1,145,033","215,306","35,952",2024-08-18 12:07
Valorant,"109,853",6.57%,#3,#1,"364,554","1,699,559","215,781","61,744",2024-08-18 12:07
Fortnite,"65,866",3.94%,#4,#1,"129,859","2,121,530","201,820","45,451",2024-08-18 12:07
League of Legends,"64,004",3.83%,#5,#1,"346,721","3,086,307","287,717","72,842",2024-08-18 12:08
Hunt: Showdown,"47,048",2.81%,#6,#1,"102,000","144,654","6,567","1,124",2024-08-18 12:08
Call of Duty: Modern Warfare,"34,996",2.09%,#7,#1,"39,896","863,637","64,351","16,271",2024-08-18 12:08
Teamfight Tactics,"28,699",1.72%,#8,#1,"38,740","344,806","41,062","14,045",2024-08-18 12:08
Counter-Strike 2,"26,768",1.60%,#9,#1,"398,910","1,081,462","213,792","17,553",2024-08-18 12:08
Apex Legends,"25,513",1.53%,#10,#1,"89,208","670,454","99,685","36,782",2024-08-18 12:08
Overwatch 2,"24,895",1.49%,#11,#1,"42,614","635,253","58,443","21,212",2024-08-18 12:09
Dead by Daylight,"22,187",1.33%,#12,#1,"25,515","221,669","33,490","11,615",2024-08-18 12:09
Dota 2,"20,855",1.25%,#13,#1,"127,932","1,444,329","124,491","18,904",2024-08-18 12:09
Tom Clancy's Rainbow Six: Siege,"18,940",1.13%,#14,#1,"80,195","387,420","37,974","5,616",2024-08-18 12:09
Dark Souls II: Scholar of the First Sin,"14,857",0.89%,#15,#5,"14,857","38,034","2,368",64,2024-08-18 12:09
Path of Exile,"14,676",0.88%,#16,#1,"36,593","302,157","20,593","5,738",2024-08-18 12:09
Rust,"14,361",0.86%,#17,#1,"34,837","1,357,012","41,319","6,620",2024-08-18 12:09
World of Warcraft,"14,343",0.86%,#18,#1,"43,967","1,035,833","72,231","18,869",2024-08-18 12:09
Elden Ring,"12,679",0.76%,#19,#1,"36,295","866,085","48,368","12,183",2024-08-18 12:10
Once Human,"12,194",0.73%,#20,#13,"12,194","25,224","16,683","7,431",2024-08-18 12:10
EA SPORTS FC 24,"10,533",0.63%,#21,#4,"69,525","143,266","70,088","8,367",2024-08-18 12:10
Hearthstone,"8,692",0.52%,#22,#1,"29,772","308,961","49,050","15,811",2024-08-18 12:10
FINAL FANTASY XIV: A Realm Reborn,"8,428",0.50%,#23,#2,"9,974","106,595","11,251","3,021",2024-08-18 12:10
FINAL FANTASY XIV Online,"8,428",0.50%,#24,#2,"9,974","215,728","11,578","2,405",2024-08-18 12:10
Escape From Tarkov,"8,246",0.49%,#25,#1,"13,426","465,836","39,585","14,668",2024-08-18 12:10
Diablo IV,"8,101",0.48%,#26,#1,"14,996","887,225","11,188","2,410",2024-08-18 12:10
Lethal Company,"6,145",0.37%,#27,#2,"9,955","70,420","12,406",710,2024-08-18 12:11
VRChat,"5,926",0.35%,#28,#2,"29,219","127,940","9,789","1,174",2024-08-18 12:11
Red Dead Redemption 2,"5,893",0.35%,#29,#1,"12,222","364,684","9,771","1,678",2024-08-18 12:11
Call of Duty,"5,576",0.33%,#30,#4,"5,576","16,822","1,305",271,2024-08-18 12:11
Call of Duty: Modern Warfare II,"5,576",0.33%,#31,#5,"5,576","33,756","5,928","1,511",2024-08-18 12:11
Call of Duty: Modern Warfare II,"5,576",0.33%,#31,#5,"5,576","33,756","5,928","1,511",2024-08-18 12:11
"Animals, Aquariums, and Zoos","5,460",0.33%,#33,#4,"6,212","26,815","5,421","2,799",2024-08-18 12:11
Rocket League,"5,440",0.33%,#34,#1,"7,626","353,168","37,491","3,274",2024-08-18 12:12
Tibia,"5,384",0.32%,#35,#2,"7,931","21,329","5,653","1,266",2024-08-18 12:12
Destiny 2,"4,965",0.30%,#36,#1,"8,364","470,716","18,612","4,353",2024-08-18 12:12
Albion Online,"4,684",0.28%,#37,#1,"6,782","38,579","3,472","1,162",2024-08-18 12:12
Old School RuneScape,"4,597",0.28%,#38,#3,"7,801","101,391","12,837","3,185",2024-08-18 12:12
Black Desert,"4,571",0.27%,#39,#1,"10,412","83,169","12,240","3,965",2024-08-18 12:12
Black Desert Online,"4,571",0.27%,#40,#2,"10,412","84,122","8,070","2,986",2024-08-18 12:12
Black Desert Online Remastered,"4,571",0.27%,#41,#3,"10,412","83,169","12,291","4,510",2024-08-18 12:12
PlayerUnknown's Battlegrounds,"4,565",0.27%,#44,#1,"13,707","523,868","52,636","8,722",2024-08-18 12:13
Player Unknown's Battlegrounds,"4,565",0.27%,#42,#1,"13,707","162,171","31,993","4,019",2024-08-18 12:13
PUBG: BATTLEGROUNDS,"4,565",0.27%,#43,#2,"13,707","186,750","35,156","4,514",2024-08-18 12:13
Genshin Impact,"4,552",0.27%,#45,#1,"21,083","505,111","30,059","7,912",2024-08-18 12:13
Dark and Darker,"4,423",0.26%,#46,#4,"20,219","57,616","25,949","6,692",2024-08-18 12:13
7 Days to Die,"4,394",0.26%,#47,#2,"22,127","83,785","3,878",615,2024-08-18 12:13
Sea of Thieves,"4,366",0.26%,#48,#1,"4,829","259,071","15,142","1,932",2024-08-18 12:13
The First Descendant,"3,654",0.22%,#49,#18,"6,064","25,849","11,932","4,527",2024-08-18 12:14
Lost Ark Online,"3,452",0.21%,#50,#2,"6,507","97,583","6,710","1,274",2024-08-18 12:14
Lost Ark,"3,452",0.21%,#51,#1,"6,507","1,228,790","37,049","11,203",2024-08-18 12:14
Smite,"3,431",0.21%,#52,#1,"3,503","147,557","9,202","1,546",2024-08-18 12:14
NBA 2K24,"3,216",0.19%,#53,#15,"4,260","27,458","8,365","1,807",2024-08-18 12:14
DayZ,"3,178",0.19%,#54,#1,"7,018","290,644","11,125","1,789",2024-08-18 12:14
Assetto Corsa,"3,154",0.19%,#55,#3,"3,271","76,310","1,069",33,2024-08-18 12:14
Baldur's Gate 3,"2,902",0.17%,#56,#2,"5,878","225,917","18,653","5,314",2024-08-18 12:14
Baldur's Gate III,"2,902",0.17%,#57,#3,"5,878","170,434","8,069","1,004",2024-08-18 12:15
World of Tanks,"2,855",0.17%,#58,#2,"31,257","126,564","15,869","1,481",2024-08-18 12:15
Dungeonborne,"2,643",0.16%,#59,#5,"4,310","31,393","12,144","3,594",2024-08-18 12:15
TEKKEN 8,"2,633",0.16%,#60,#2,"11,677","180,773","11,870","1,194",2024-08-18 12:15
Maitre des Fleurs,"2,505",0.15%,#61,#12,"2,505","20,923","9,989","5,867",2024-08-18 12:15
Phasmophobia,"2,430",0.15%,#62,#1,"4,284","247,656","18,314","2,375",2024-08-18 12:15
Halo Infinite,"2,369",0.14%,#63,#1,"3,338","263,047","13,958","1,401",2024-08-18 12:15
MapleStory,"2,190",0.13%,#64,#1,"3,563","52,068","5,099",718,2024-08-18 12:16
Street Fighter 6,"2,172",0.13%,#65,#1,"14,010","308,239","51,949","5,377",2024-08-18 12:16
Magic: The Gathering,"2,109",0.13%,#66,#2,"6,296","156,946","11,652","2,074",2024-08-18 12:16
Super Smash Bros. Ultimate,"2,097",0.13%,#67,#1,"3,627","270,343","14,874","1,450",2024-08-18 12:16
The Isle,"2,036",0.12%,#68,#3,"2,588","102,597","1,460",43,2024-08-18 12:16
Left 4 Dead 2,"1,990",0.12%,#69,#1,"7,060","144,509","2,867",87,2024-08-18 12:16
Final Fantasy VII Remake Part 2,"1,904",0.11%,#71,#1,"3,911","81,402","5,987","1,427",2024-08-18 12:16
Final Fantasy VII Rebirth,"1,904",0.11%,#70,#2,"3,911","81,402","5,896","1,435",2024-08-18 12:16
Monster Hunter Rise,"1,839",0.11%,#72,#5,"1,839","109,331","6,068","1,454",2024-08-18 12:17
Knock on the Coffin Lid,"1,832",0.11%,#73,#20,"12,366","14,224","11,762",250,2024-08-18 12:17
Among Us,"1,757",0.11%,#74,#1,"3,142","788,638","70,761","4,373",2024-08-18 12:17
Fall Guys: Ultimate Knockout,"1,654",0.10%,#75,#1,"8,920","698,013","36,293","3,631",2024-08-18 12:17
Demonologist,"1,606",0.10%,#76,#30,"2,097","12,741","1,103",16,2024-08-18 12:17
Granblue Fantasy Versus Rising,"1,600",0.10%,#77,#7,"1,600","64,908","2,211",14,2024-08-18 12:17
The Sims 4,"1,555",0.09%,#78,#3,"2,254","179,932","6,853",471,2024-08-18 12:17
Project Zomboid,"1,524",0.09%,#79,#4,"2,787","120,705","4,781",437,2024-08-18 12:18
Backpack Battles,"1,489",0.09%,#80,#27,"1,523","15,004","1,141",69,2024-08-18 12:18
Chained Together,"1,482",0.09%,#81,#7,"4,411","59,163","17,873",875,2024-08-18 12:18
Dome Keeper,"1,447",0.09%,#82,#19,"1,498","38,823","1,772",820,2024-08-18 12:18
Dungeons & Dragons,"1,190",0.08%,#83,#1,"2,172","211,822","12,150",108,2024-08-18 12:18
Dungeons & Dragons,"1,190",0.08%,#84,#5,"2,172","21,867","5,023",119,2024-08-18 12:18
Software and Game Development,930,0.08%,#85,#6,"15,615","26,022","6,330",715,2024-08-18 12:18
Fallout 4,"1,321",0.08%,#86,#1,"1,444","242,564","2,244",266,2024-08-18 12:19
Monster Hunter: World,"1,284",0.08%,#87,#1,"2,570","170,722","6,797","1,698",2024-08-18 12:19
The Last of Us Part I,"1,234",0.07%,#88,#10,"7,572","48,679","2,857",154,2024-08-18 12:19
Cult of the Lamb,"1,221",0.07%,#89,#4,"3,005","157,241","6,323","1,533",2024-08-18 12:19
Lies of P,"1,144",0.07%,#90,#9,"1,144","14,733","2,079",265,2024-08-18 12:19
ARK Survival Ascended,"1,115",0.07%,#91,#5,"1,284","41,866","5,770",580,2024-08-18 12:19
Clash Royale,"1,261",0.07%,#92,#1,"5,234","536,953","11,411",521,2024-08-18 12:19
Brawlhalla,"1,089",0.07%,#93,#2,"1,622","163,900","6,483",231,2024-08-18 12:20
War Thunder,"1,065",0.06%,#94,#10,"3,405","55,516","2,191",317,2024-08-18 12:20
Stardew Valley,"1,053",0.06%,#95,#4,"2,708","99,578","4,187",546,2024-08-18 12:20
Warframe,"1,038",0.06%,#96,#1,"2,022","509,496","10,697","1,280",2024-08-18 12:20
Tom Clancy's XDefiant,"1,065",0.06%,#97,#1,"3,778","174,192","18,889","5,200",2024-08-18 12:20
Pummel Party,999,0.06%,#98,#3,"2,047","177,909","8,821",100,2024-08-18 12:20
World of Warships,989,0.06%,#99,#3,"5,080","62,800","6,367",912,2024-08-18 12:20
Naraka: Bladepoint,983,0.06%,#100,#5,"1,104","97,946","4,863",579,2024-08-18 12:20
Heroes of Might & Magic III - HD Edition,966,0.06%,#101,#6,"10,529","27,148","4,559",382,2024-08-18 12:21
Halo: The Master Chief Collection,946,0.06%,#102,#1,"1,177","132,750","2,387",186,2024-08-18 12:21
Age of Empires II,849,0.06%,#103,#5,"9,830","71,521","5,751",449,2024-08-18 12:21
Animal Crossing (Working Title),890,0.05%,#105,#2,"2,723","25,910","2,485",544,2024-08-18 12:21
Animal Crossing: New Horizons,890,0.05%,#104,#1,"2,723","241,051","9,114","2,431",2024-08-18 12:21
Lineage 2M,846,0.05%,#106,#5,"1,772","5,776","2,342",858,2024-08-18 12:21
Lineage 2,846,0.05%,#107,#6,"1,772","25,750","2,732",723,2024-08-18 12:21
Helldivers 2,864,0.05%,#108,#17,"1,695","17,058","2,038",308,2024-08-18 12:21
Dark Souls III,855,0.05%,#109,#1,"3,879","263,386","7,776",694,2024-08-18 12:22
Resident Evil Village,838,0.05%,#110,#1,"1,026","645,329","7,950","1,473",2024-08-18 12:22
Super Mario Maker 2,"1,932",0.05%,#111,#1,"1,191","255,795","8,432","1,083",2024-08-18 12:22
Atlas,823,0.05%,#112,#1,"1,310","318,466","2,023",580,2024-08-18 12:22
Resident Evil 2 / Biohazard RE:2,820,0.05%,#113,#2,"1,074","312,429","3,692",440,2024-08-18 12:22
God of War,802,0.05%,#114,#1,881,"282,798","5,937",707,2024-08-18 12:22
MIR4,758,0.05%,#116,#6,758,"22,097","3,203",568,2024-08-18 12:22
Out of the Park Baseball 25,751,0.04%,#117,#76,800,"1,468",807,20,2024-08-18 12:22
StarCraft II,282,0.04%,#118,#1,"28,897","140,191","12,532","2,089",2024-08-18 12:23
Stormgate,731,0.04%,#119,#22,945,"11,888","4,114",586,2024-08-18 12:23
Osu!,674,0.04%,#120,#6,"1,620","59,644","4,185",645,2024-08-18 12:23
Valheim,723,0.04%,#121,#3,891,"201,469","7,013","1,531",2024-08-18 12:23
South Park: The Stick of Truth,701,0.04%,#122,#5,962,"59,161",558,15,2024-08-18 12:23
Dragon Ball FighterZ,690,0.04%,#123,#1,690,"257,805","4,010",178,2024-08-18 12:23
MultiVersus,689,0.04%,#124,#1,"1,144","183,435","18,366","2,463",2024-08-18 12:23
Persona 5: The Royal,331,0.04%,#126,#13,748,"3,070",633,65,2024-08-18 12:24
Persona 5 Royal,680,0.04%,#125,#12,748,"16,936","1,137",133,2024-08-18 12:24
Geometry Dash,674,0.04%,#127,#6,"1,008","91,892","1,440",66,2024-08-18 12:24
Still Wakes the Deep,673,0.04%,#128,#29,673,"11,047","3,602",42,2024-08-18 12:24
The Elder Scrolls Online,671,0.04%,#129,#3,"1,105","103,099","7,172",840,2024-08-18 12:24
PUBG Mobile,582,0.04%,#130,#1,"2,443","98,303","4,470",521,2024-08-18 12:24
American Truck Simulator,656,0.04%,#131,#6,"2,685","73,178","1,453",67,2024-08-18 12:24
Cyberpunk 2077,602,0.04%,#132,#1,"1,647","1,116,997","7,211","1,447",2024-08-18 12:25
Mortal Kombat 1,576,0.03%,#133,#6,"1,769","36,449","3,053",183,2024-08-18 12:25
Party Animals,566,0.03%,#134,#7,"1,372","107,074","8,050",422,2024-08-18 12:25
Dark Souls Remastered,564,0.03%,#136,#21,"14,377","15,349","7,063",197,2024-08-18 12:25
Dark Souls: Remastered,552,0.03%,#135,#20,"14,377","15,349","6,176",178,2024-08-18 12:25
New World,553,0.03%,#137,#1,582,"969,068","19,228","6,281",2024-08-18 12:25
The Finals,542,0.03%,#138,#52,822,"2,872","1,188",293,2024-08-18 12:25
Yu-Gi-Oh! Master Duel,541,0.03%,#139,#6,"6,768","45,357","6,463","1,007",2024-08-18 12:25
Summoners War: Sky Arena,276,0.03%,#140,#4,"2,642","70,951","2,881",351,2024-08-18 12:26
Oxygen Not Included,537,0.03%,#141,#5,"1,197","40,652","1,164",67,2024-08-18 12:26
Total War: WARHAMMER III,537,0.03%,#142,#8,807,"47,562","2,970",339,2024-08-18 12:26
Call of Duty: Black Ops III,533,0.03%,#143,#1,"1,077","190,555","2,766",163,2024-08-18 12:26
Garry's Mod,532,0.03%,#144,#3,"8,157","98,120","5,571",44,2024-08-18 12:26
RuneScape,444,0.03%,#145,#1,"1,040","82,035","4,020",771,2024-08-18 12:26
Goose Goose Duck,519,0.03%,#146,#6,"1,031","66,720","5,340",185,2024-08-18 12:26
Heroes of the Storm,478,0.03%,#147,#2,"1,966","85,765","6,761","1,468",2024-08-18 12:26
Palworld,510,0.03%,#148,#1,739,"251,812","13,812","3,681",2024-08-18 12:27
Raft,509,0.03%,#149,#2,"1,540","209,417","5,359",208,2024-08-18 12:27
Stumble Guys: Multiplayer Royale,430,0.03%,#150,#10,560,"19,369","1,312",115,2024-08-18 12:27
WWE 2K24,484,0.03%,#151,#19,"1,120","19,888","2,865",50,2024-08-18 12:27
Words On Stream,603,0.03%,#152,#11,"2,054","13,187",965,188,2024-08-18 12:27
Fallout 76,467,0.03%,#153,#1,"1,188","184,721","2,208",390,2024-08-18 12:27
Gartic Phone,317,0.03%,#154,#1,823,"233,086","12,824",568,2024-08-18 12:27
Terraria,452,0.03%,#155,#1,"8,460","177,094","4,449",433,2024-08-18 12:27
DragonBall Z: Dokkan Battle,32,0.03%,#156,#16,446,"12,304",816,11,2024-08-18 12:28
DRAGON BALL Z DOKKAN BATTLE,32,0.03%,#157,#15,446,"22,310","1,273",44,2024-08-18 12:28
DREDGE,441,0.03%,#158,#25,"2,337","12,883","1,544",9,2024-08-18 12:28
Marvel Snap,437,0.03%,#159,#5,"1,217","231,887","8,706","1,671",2024-08-18 12:28
Hollow Knight,431,0.03%,#160,#1,"2,134","176,680","3,160",203,2024-08-18 12:28
Sekiro: Shadows Die Twice,411,0.02%,#161,#1,"1,922","279,744","6,715",665,2024-08-18 12:28
Science & Technology,322,0.02%,#162,#2,"1,684","210,312","4,925",834,2024-08-18 12:28
Content Warning,397,0.02%,#163,#12,423,"30,345","2,644",53,2024-08-18 12:28
Slay the Spire,393,0.02%,#164,#5,995,"114,076","4,593",285,2024-08-18 12:29
Resident Evil 7: Biohazard,213,0.02%,#165,#1,"2,243","215,561","2,642",102,2024-08-18 12:29
Elite: Dangerous,385,0.02%,#166,#8,694,"26,952",835,120,2024-08-18 12:29
Battlefield (2021),218,0.02%,#167,#9,493,"30,498","1,599",181,2024-08-18 12:29
Battlefield 6,218,0.02%,#168,#10,493,"30,498","1,594",180,2024-08-18 12:29
Battlefield 2042,382,0.02%,#169,#1,493,"341,694","4,621",506,2024-08-18 12:29
Guilty Gear Strive,376,0.02%,#170,#1,"2,173","178,819","5,211",425,2024-08-18 12:29
No Man's Sky,371,0.02%,#171,#2,"5,166","208,381","2,230",277,2024-08-18 12:30
Palia,368,0.02%,#172,#30,583,"9,840","2,567",702,2024-08-18 12:30
Conan Exiles,384,0.02%,#173,#1,552,"170,892","2,498",276,2024-08-18 12:30
For Honor,366,0.02%,#174,#1,716,"146,156","1,977",236,2024-08-18 12:30
Don't Starve Together Beta,363,0.02%,#175,#3,"2,226","141,602","2,072",382,2024-08-18 12:30
Black Survival: Eternal Return,318,0.02%,#176,#10,"7,618","31,743","3,753",589,2024-08-18 12:30
Eternal Return: Black Survival,358,0.02%,#177,#4,"7,618","82,898","8,948","1,084",2024-08-18 12:30
Abiotic Factor,354,0.02%,#178,#27,"1,072","6,945","1,057",23,2024-08-18 12:31
Farming Simulator 22,351,0.02%,#179,#8,"1,639","40,388","4,189",367,2024-08-18 12:31
Super Mario 64,765,0.02%,#180,#1,"9,400","219,983","7,203",450,2024-08-18 12:31
Deep Rock Galactic,349,0.02%,#181,#7,435,"33,031","1,070",63,2024-08-18 12:31
Borderlands 2,347,0.02%,#182,#1,"5,539","200,575","1,837",103,2024-08-18 12:31
Forza Horizon 5,347,0.02%,#183,#9,827,"17,353","1,784",123,2024-08-18 12:31
Clone Hero,380,0.02%,#184,#7,376,"33,490",945,82,2024-08-18 12:31
Call of Duty 2020 (working title),348,0.02%,#186,#13,534,"8,642",726,109,2024-08-18 12:31
Call of Duty: Black Ops - Cold War,348,0.02%,#185,#1,534,"727,991","14,990","3,199",2024-08-18 12:32
Call of Duty Black Ops Cold War,337,0.02%,#187,#71,534,"2,759",630,104,2024-08-18 12:32
Hogwarts Legacy,325,0.02%,#188,#12,365,"17,814","2,128",302,2024-08-18 12:32
Call of Duty: Black Ops II,311,0.02%,#189,#1,"2,139","194,873","1,963",43,2024-08-18 12:32
RimWorld,309,0.02%,#190,#6,"3,924","44,220","4,609",378,2024-08-18 12:32
Deus Ex: Mankind Divided,306,0.02%,#191,#2,"2,738","81,688",225,2,2024-08-18 12:32
EVE Online,298,0.02%,#193,#10,"2,211","30,305","1,424",162,2024-08-18 12:32
Euro Truck Simulator 2,298,0.02%,#192,#3,"2,038","60,751","4,421",196,2024-08-18 12:33
Stalcraft,252,0.02%,#194,#7,"1,152","43,344","4,942",916,2024-08-18 12:33
We who are about to Die,289,0.02%,#195,#45,289,330,143,37,2024-08-18 12:33
Paladins,288,0.02%,#196,#6,385,"44,984","1,995",385,2024-08-18 12:33
My Summer Car,276,0.02%,#197,#7,395,"33,869","1,738",45,2024-08-18 12:33
Call of Duty: Modern Warfare 2,274,0.02%,#198,#4,883,"65,820",920,12,2024-08-18 12:33
MY HERO ULTRA RUMBLE,274,0.02%,#199,#97,671,"1,138",647,111,2024-08-18 12:34
The Forest,269,0.02%,#200,#1,"1,575","76,209","3,666",158,2024-08-18 12:34
Battlefield 1,253,0.02%,#201,#1,266,"354,264","1,176",90,2024-08-18 12:34
UNDER NIGHT IN-BIRTH II SysCeles,262,0.02%,#202,#10,392,"30,154","1,073",10,2024-08-18 12:34
Ghosts of Tabor,254,0.02%,#203,#107,278,922,391,38,2024-08-18 12:34
Tom Clancy's The Division 2,252,0.02%,#204,#3,428,"144,767","1,173",284,2024-08-18 12:34
Subnautica,251,0.02%,#205,#1,"1,237","111,403","3,175",177,2024-08-18 12:34
Persona 3 Reload,251,0.02%,#206,#66,304,"1,991",675,61,2024-08-18 12:34
Super Smash Bros. Melee,124,0.01%,#208,#1,"1,908","214,478","6,182",264,2024-08-18 12:35
Microsoft Flight Simulator,243,0.07%,#207,#10,860,"50,015","3,005",256,2024-08-18 12:35
Firefighting Simulator The Squad,0,N/A,#209,#136,243,831,46,4,2024-08-18 12:35
Tom Clancy's Ghost Recon: Wildlands,66,0.00%,#210,#2,237,"82,518",343,21,2024-08-18 12:35
Risk of Rain 2,184,0.01%,#211,#6,498,"88,060","3,390",171,2024-08-18 12:35
Nine Sols,260,0.02%,#212,#23,"2,026","18,396","3,479",179,2024-08-18 12:35
Conqueror's Blade,322,0.02%,#213,#9,591,"42,759","2,448",215,2024-08-18 12:35
eFootball 2024,275,0.02%,#214,#34,554,"12,315","1,129",187,2024-08-18 12:36
The Witcher 3: Wild Hunt,154,0.01%,#215,#4,"3,792","87,269","4,428",268,2024-08-18 12:36
Beat Saber,223,0.01%,#216,#4,541,"160,233","2,226",136,2024-08-18 12:36
Doki Doki Literature Club,406,0.03%,#217,#6,617,"29,836",781,20,2024-08-18 12:36
Days Gone,201,0.01%,#218,#3,"1,373","132,257","1,662",172,2024-08-18 12:36
Sons of the Forest,174,0.01%,#219,#4,269,"85,552","5,098",232,2024-08-18 12:37
Grand Theft Auto: San Andreas,197,0.01%,N/A,N/A,"2,139","21,857","2,724",67,2024-08-18 12:37
Rise of the Tomb Raider,87,0.01%,#222,#2,396,"120,721",428,16,2024-08-18 12:37
Team Fortress 2,282,0.02%,#221,#4,495,"77,653","1,370",88,2024-08-18 12:38
Tree of Savior English Ver,139,0.01%,#223,#13,820,"8,771",78,4,2024-08-18 12:38
Metro Exodus,108,0.01%,#224,#4,209,"133,274","1,124",46,2024-08-18 12:38
Madden NFL 24,196,0.01%,#225,#42,339,"22,250","2,618",245,2024-08-18 12:38
Horizon: Zero Dawn,118,0.01%,#226,#1,593,"142,570","1,609",120,2024-08-18 12:38
Borderlands 3,227,0.01%,#227,#1,527,"205,794","2,361",427,2024-08-18 12:39
Raid: Shadow Legends,151,0.01%,#229,#20,"1,635","13,168","1,452",78,2024-08-18 12:39
RAID Shadow Legends,151,0.01%,#228,#19,"1,635","13,168","1,669",89,2024-08-18 12:39
Punch Club 2,193,0.01%,#230,#65,209,"1,083",113,17,2024-08-18 12:39
"Warhammer 40,000: Darktide",212,0.01%,#231,#31,452,"11,198",539,41,2024-08-18 12:39
The Elder Scrolls V: Skyrim,152,0.01%,#232,#1,819,"179,380","3,944",340,2024-08-18 12:40
Mass Effect Legendary Edition,165,0.01%,#233,#9,777,"49,428","1,537",226,2024-08-18 12:40
Call of Duty Modern Warfare,174,0.01%,#234,#69,372,"1,299",302,30,2024-08-18 12:40
Resident Evil 6 / Biohazard 6,106,0.01%,#235,#7,222,"14,039",474,13,2024-08-18 12:40
PANICORE,189,0.01%,#236,#25,380,"7,804","1,442",16,2024-08-18 12:40
Sid Meier's Civilization V,236,0.02%,#237,#5,711,"45,821",829,20,2024-08-18 12:40
GTFO,184,0.01%,#238,#6,"5,211","56,082","1,553",35,2024-08-18 12:41
Knight Online,72,0.00%,#239,#8,"2,269","24,464","2,559",162,2024-08-18 12:41
Grounded,200,0.01%,#240,#10,286,"90,772","2,806",244,2024-08-18 12:41
Sid Meier's Civilization VI,170,0.01%,#241,#3,969,"139,558","2,444",100,2024-08-18 12:41
Mechabellum,114,0.01%,#242,#29,"9,395","9,395","2,449",40,2024-08-18 12:41
Grand Theft Auto IV,94,0.01%,#243,#8,"1,381","31,324","1,074",15,2024-08-18 12:41
FTL: Faster Than Light,150,0.01%,#244,#7,269,"20,526","1,360",9,2024-08-18 12:41
Remnant II,169,0.01%,#232,#21,737,"101,726","4,171",811,2024-08-18 12:42
Norland,150,0.01%,#243,#28,271,"9,587","2,237",13,2024-08-18 12:42
A Way Out,188,0.01%,#222,#1,532,"225,932","1,835",62,2024-08-18 12:42
Omega Strikers,218,0.01%,#205,#59,311,"2,600",249,24,2024-08-18 12:42
Five Nights at Freddy's: Security Breach,150,0.01%,#242,#3,600,"123,421","3,698",88,2024-08-18 12:42
Undertale,191,0.01%,N/A,N/A,"1,744","128,433","1,491",44,2024-08-18 12:42
Arknights,144,0.01%,#247,#10,236,"13,223",996,77,2024-08-18 12:42
Digimon Masters,101,0.01%,#295,#20,235,"1,530",88,3,2024-08-18 12:43
Gwent: The Witcher Card Game,110,0.01%,#287,#4,442,"46,622","2,589",278,2024-08-18 12:43
Digimon Masters Online,101,0.01%,#296,#21,235,"3,440",164,6,2024-08-18 12:43
Another Crabs Treasure,139,0.01%,#252,#52,344,"3,395",735,31,2024-08-18 12:43
Dead Space Remake,137,0.01%,#259,#39,627,"5,302",749,34,2024-08-18 12:43
Star Wars Jedi: Survivor,451,0.03%,#138,#1,561,"234,643","5,401",988,2024-08-18 12:43
Mario Party Superstars,93,0.01%,#312,#4,491,"58,429","3,861",4,2024-08-18 12:43
LurkBait Twitch Fishing,130,0.01%,#266,#113,202,377,103,13,2024-08-18 12:44
Escape the Backrooms,97,0.01%,#304,#27,237,"10,375",937,20,2024-08-18 12:44
DEVOUR,131,0.01%,#265,#3,318,"214,094","3,954",119,2024-08-18 12:44
Hell Let Loose,109,0.01%,#288,#7,257,"38,605","1,296",36,2024-08-18 12:44
Final Fantasy V,113,0.01%,#285,#8,146,"8,418",226,4,2024-08-18 12:44
Vampire: The Masquerade - Bloodhunt,112,0.01%,#286,#2,168,"182,689","2,909",340,2024-08-18 12:44
Portal 2,384,0.02%,#150,#1,384,"175,314","2,030",23,2024-08-18 12:44
XCOM: Enemy Unknown,72,0.00%,#344,#6,135,"30,993",257,3,2024-08-18 12:45
Senua's Saga: Hellblade II,143,0.01%,#248,#41,408,"107,495","2,545",352,2024-08-18 12:45
PGA TOUR 2K23,79,0.01%,#335,#33,"4,785","5,941",858,16,2024-08-18 12:45
Cuphead,80,0.01%,#333,#2,"4,507","172,429","3,295",124,2024-08-18 12:45
Factorio,120,0.01%,#276,#6,710,"83,950","1,434",78,2024-08-18 12:45
APB Reloaded,125,0.01%,#269,#6,424,"37,246",207,15,2024-08-18 12:45
They Are Billions,9,0.00%,#668,#2,"2,212","95,411","3,144",235,2024-08-18 12:45
Outlast 2,138,0.01%,#256,#1,"1,760","213,400","1,218",11,2024-08-18 12:46
Outlast II,138,0.01%,#258,#4,"1,760","54,413","1,655",135,2024-08-18 12:46
It Takes Two,301,0.02%,#178,#2,"7,935","187,549","7,703",390,2024-08-18 12:46
Stray,151,0.01%,#238,#5,151,"78,598","2,183",98,2024-08-18 12:46
Minds Beneath Us,148,0.01%,#244,#45,"2,938","4,796","1,679",7,2024-08-18 12:46
RoboCop Rogue City,141,0.01%,#249,#48,141,"2,688",214,2,2024-08-18 12:46
SCUM,84,0.01%,#323,#2,842,"168,856","1,733",198,2024-08-18 12:46
Need for Speed Unbound,79,0.01%,#336,#172,221,272,148,35,2024-08-18 12:46
Dragon Ball: The Breakers,138,0.01%,#257,#20,654,"12,075",752,30,2024-08-18 12:47
DRAGON BALL THE BREAKERS,138,0.01%,#254,#94,654,824,312,31,2024-08-18 12:47
MechWarrior Online,79,0.01%,#334,#8,244,"29,201",307,44,2024-08-18 12:47
Farlight 84,101,0.01%,#299,#10,115,"11,738","1,005",85,2024-08-18 12:47
Slay the Princess,56,0.00%,#375,#50,"1,642","3,597",582,2,2024-08-18 12:47
Dave the Diver,84,0.01%,#322,#42,250,"2,988",724,44,2024-08-18 12:47
Fallout: New Vegas,315,0.02%,N/A,N/A,421,"36,689","1,491",68,2024-08-18 12:47
Tomb Raider,117,0.01%,#281,#2,117,"106,770",481,11,2024-08-18 12:48
Call of Duty: Black Ops,83,0.01%,#328,#8,265,"35,650",541,31,2024-08-18 12:48
Mount & Blade II: Bannerlord,72,0.00%,#347,#1,875,"228,990","4,163",407,2024-08-18 12:48
SnowRunner,120,0.01%,#277,#12,279,"50,192","1,432",107,2024-08-18 12:48
Disney Dreamlight Valley,121,0.01%,#274,#69,"1,579","2,905",691,81,2024-08-18 12:48
Dishonored 2,136,0.01%,#262,#17,146,"180,946",407,4,2024-08-18 12:48
Balatro,99,0.01%,#303,#6,"1,068","56,763","3,656",28,2024-08-18 12:48
Hookah Haze,36,0.00%,#435,#98,108,986,115,2,2024-08-18 12:49
Hades,95,0.01%,#306,#6,186,"124,977","4,793",292,2024-08-18 12:49
Marauders,99,0.01%,#302,#5,127,"91,425","1,026",192,2024-08-18 12:49
eSports Boxing Club,137,0.01%,#261,#37,137,"1,334",227,6,2024-08-18 12:49
Undisputed,137,0.01%,#260,#87,137,"1,334",232,7,2024-08-18 12:49
Dragon Age: Origins,146,0.01%,#245,#3,962,"111,146",335,6,2024-08-18 12:49
Life Is Strange,94,0.01%,#309,#3,321,"108,203","1,242",26,2024-08-18 12:49
Star Wars: The Old Republic,108,0.01%,#289,#6,786,"54,484",610,80,2024-08-18 12:50
Far Cry 5,99,0.01%,#301,#1,164,"250,608","1,077",134,2024-08-18 12:50
Bloons TD 6,264,0.02%,#191,#1,264,"95,310","5,259",106,2024-08-18 12:50
Killer Klowns from Outer Space The Game,113,0.01%,#284,#22,125,"10,604",899,65,2024-08-18 12:50
Battle Brothers,101,0.01%,#294,#19,554,"17,257",629,34,2024-08-18 12:50
Darkest Dungeon,74,0.00%,#340,#3,475,"54,374","3,178",130,2024-08-18 12:50
The Lord of the Rings Online,88,0.01%,#315,#7,251,"33,405",253,11,2024-08-18 12:50
Satisfactory,82,0.01%,#330,#5,485,"70,818","2,760",216,2024-08-18 12:51
Like a Dragon Infinite Wealth,120,0.01%,#275,#113,251,"1,171",354,22,2024-08-18 12:51
Grand Theft Auto: Vice City  The Definitive Edition,3,0.00%,#847,#5,97,"86,253","1,091",9,2024-08-18 12:51
Vampire Survivors,408,0.03%,#145,#4,408,"89,390","6,615",462,2024-08-18 12:51
Cozy Grove,1,0.00%,#1059,#33,93,"7,674",130,9,2024-08-18 12:51
F1 24,119,0.01%,#278,#35,"4,102","10,647","4,425",41,2024-08-18 12:51
Fallout 3,86,0.01%,#318,#2,152,"148,540",890,17,2024-08-18 12:51
Dying Light,31,0.00%,#467,#2,92,"135,058","1,643",64,2024-08-18 12:51
Star Wars Jedi: Fallen Order,101,0.01%,#298,#1,240,"196,040","2,094",262,2024-08-18 12:52
Assassin's Creed Odyssey,89,0.01%,#314,#2,501,"180,815","1,571",186,2024-08-18 12:52
Little Nightmares II,70,0.00%,#353,#4,770,"54,071","1,413",39,2024-08-18 12:52
Rogue Company,123,0.01%,#273,#6,145,"77,884","3,564",472,2024-08-18 12:52
Armored Core VI: Fires of Rubicon,128,0.01%,#268,#1,688,"148,510","2,761",650,2024-08-18 12:52
Yakuza 0,140,0.01%,#250,#6,"1,096","53,685","1,349",40,2024-08-18 12:52
Pizza Tower,116,0.01%,#282,#8,116,"67,970","1,197",5,2024-08-18 12:52
Shin Megami Tensei V Vengeance,129,0.01%,#267,#57,156,"2,264",616,49,2024-08-18 12:53
theHunter: Call of the Wild,125,0.01%,#270,#99,211,"1,576",399,68,2024-08-18 12:53
theHunter: Call of the Wild,125,0.01%,#271,#5,211,"40,760",924,27,2024-08-18 12:53
Horizon Forbidden West,100,0.01%,#300,#3,268,"200,661","5,006",850,2024-08-18 12:53
Starfield,74,0.00%,#342,#15,263,"85,152",975,84,2024-08-18 12:53
Pax Dei,78,0.00%,#337,#137,136,468,205,50,2024-08-18 12:53
Mortal Kombat 11,48,0.00%,#403,#2,85,"193,222","3,828",334,2024-08-18 12:53
Flirt,84,0.01%,#324,#69,84,172,34,12,2024-08-18 12:54
Arma Reforger,91,0.01%,#313,#10,401,"30,708","1,460",34,2024-08-18 12:54
Fitness & Health,15,0.00%,#594,#6,"2,203","104,913","3,695",98,2024-08-18 12:54
Payday 3,71,0.00%,#350,#28,109,"9,889","1,052",51,2024-08-18 12:54
V Rising,63,0.00%,#367,#1,254,"105,839","5,153",939,2024-08-18 12:54
The Crew Motorfest,49,0.00%,#397,#121,155,"1,170",283,41,2024-08-18 12:54
Enlisted,65,0.00%,#363,#8,186,"32,206",341,18,2024-08-18 12:54
Fear  Hunger 2 Termina,60,0.00%,#370,#33,"2,432","9,355","1,269",8,2024-08-18 12:54
Prey,20,0.00%,#550,#1,443,"164,051",721,8,2024-08-18 12:55
Gundam Evolution,71,0.00%,#348,#4,76,"157,959","3,516",572,2024-08-18 12:55
Grocery Store Simulator,139,0.01%,#253,#33,139,"7,150",748,4,2024-08-18 12:55
Dwarf Fortress,72,0.00%,#346,#77,686,"1,206",257,4,2024-08-18 12:55
Call of Duty: WWII,35,0.00%,#440,#1,82,"141,285","2,894",287,2024-08-18 12:55
Call of Duty WWII Multiplayer,35,0.00%,#442,#3,82,"141,285","3,024",336,2024-08-18 12:55
Dinkum,70,0.00%,#352,#9,73,"57,702",904,87,2024-08-18 12:56
Battlefield V,73,0.00%,#343,#4,176,"133,501","2,891",268,2024-08-18 12:56
Coral Island,101,0.01%,#297,#44,351,"3,994",561,33,2024-08-18 12:56
FINAL FANTASY VII,138,0.01%,#255,#1,"2,441","140,720","1,916",62,2024-08-18 12:56
Doom Eternal,52,0.00%,#389,#2,307,"137,082","2,686",246,2024-08-18 12:56
Football Manager 2024,27,0.00%,#491,#52,"1,010","5,198","1,461",34,2024-08-18 12:56
DC Universe Online,83,0.01%,#325,#16,84,"5,576",123,9,2024-08-18 12:56
Call of Duty: Modern Warfare 3,55,0.00%,#380,#7,270,"445,474",751,9,2024-08-18 12:57
Mystic Vale,69,0.00%,#355,#28,69,"5,322",61,14,2024-08-18 12:57
NieR: Automata,74,0.00%,#341,#1,"6,666","117,021","1,252",31,2024-08-18 12:57
Realm Royale,54,0.00%,#383,#1,91,"182,210","2,306",294,2024-08-18 12:57
Back 4 Blood,94,0.01%,#311,#1,158,"208,550","3,432",518,2024-08-18 12:57
Enshrouded,86,0.01%,#319,#21,208,"17,641","1,640",145,2024-08-18 12:57
Ready or Not,85,0.01%,#321,#5,294,"171,814","5,368",120,2024-08-18 12:57
Eiyuden Chronicle: Hundred Heroes,33,0.00%,#450,#60,94,"11,973",721,71,2024-08-18 12:58
Tower of Fantasy,86,0.01%,#320,#46,417,"1,228",474,41,2024-08-18 12:58
Warhammer: Vermintide 2,62,0.00%,#368,#3,66,"77,613",901,83,2024-08-18 12:58
Inscryption,67,0.00%,#356,#4,179,"87,071","2,503",112,2024-08-18 12:58
Avatar: Frontiers of Pandora,75,0.00%,#339,#64,75,"2,102",269,12,2024-08-18 12:58
Avatar Frontiers of Pandora,75,0.00%,#338,#63,75,"2,102",299,13,2024-08-18 12:58
Shadow of the Tomb Raider,70,0.00%,#354,#5,70,"80,183",502,33,2024-08-18 12:58
The WereCleaner,47,0.00%,#406,#84,65,"1,461",124,1,2024-08-18 12:58
Murky Divers,64,0.00%,#365,#8,688,"35,229","3,714",3,2024-08-18 12:59
Chants of Sennaar,66,0.00%,#360,#87,66,"2,557",227,2,2024-08-18 12:59
Goat Simulator 3,64,0.00%,#364,#30,108,"5,970",363,2,2024-08-18 12:59
Green Hell,47,0.00%,#407,#7,145,"75,168","2,112",55,2024-08-18 12:59
Call of Duty: Vanguard,19,0.00%,#552,#1,206,"316,609","9,874","1,836",2024-08-18 12:59
Call of Duty Vanguard,19,0.00%,#556,#61,206,"3,123",235,2,2024-08-18 12:59
Clothing Store Simulator,54,0.00%,#381,#104,61,"1,340",306,2,2024-08-18 12:59
Tom Clancy's Ghost Recon Breakpoint Tom Clancy's Ghost Recon Breakpoint,95,0.01%,#307,#91,122,542,189,19,2024-08-18 12:59
Tom Clancy's Ghost Recon Breakpoint,95,0.01%,#308,#3,122,"77,677","1,572",183,2024-08-18 13:00
Tom Clancys Ghost Recon Breakpoint,95,0.01%,#305,#121,122,542,189,19,2024-08-18 13:00
Titanfall 2,50,0.00%,N/A,N/A,201,"172,633",718,23,2024-08-18 13:00
Dead Island 2,82,0.01%,#331,#98,111,976,224,28,2024-08-18 13:00
Tiny Rogues,56,0.00%,#376,#110,68,"2,495",338,2,2024-08-18 13:00
Hearts of Iron IV,42,0.00%,#416,#4,"1,817","24,169","2,172",31,2024-08-18 13:00
Tabletop Simulator,43,0.00%,#415,#5,209,"56,494","2,084",14,2024-08-18 13:00
LEGO Star Wars: The Skywalker Saga,52,0.00%,#390,#48,103,"4,907",285,7,2024-08-18 13:01
LEGO Star Wars The Skywalker Saga,52,0.00%,#386,#49,103,"4,907",285,7,2024-08-18 13:01
Kingdom Come: Deliverance,107,0.01%,#291,#1,"1,009","212,870","1,929",101,2024-08-18 13:01
Loathful,55,0.00%,#377,#9,55,"21,393","1,709",191,2024-08-18 13:01
Rock Simulator 2,0,N/A,#88491,#57,55,"4,223",193,8,2024-08-18 13:01
Squad,48,0.00%,#401,#4,283,"43,983","1,465",48,2024-08-18 13:01
House Flipper,46,0.00%,#408,#6,147,"94,931","1,612",37,2024-08-18 13:01
Nordicandia,54,0.00%,#382,#80,54,54,54,54,2024-08-18 13:02
Sunkenland,40,0.00%,#422,#59,54,"1,872",197,3,2024-08-18 13:02
Grand Theft Auto: Vice City,80,0.01%,N/A,N/A,220,"161,775","1,055",5,2024-08-18 13:02
Tales of Arise,67,0.00%,#357,#3,67,"95,643","1,038",117,2024-08-18 13:02
Chivalry II,44,0.00%,#413,#9,192,"28,998","1,459",25,2024-08-18 13:02
Chivalry 2,44,0.00%,#411,#4,192,"73,300","2,916",74,2024-08-18 13:02
Aliens: Fireteam Elite,52,0.00%,#387,#6,52,"44,764",710,89,2024-08-18 13:02
XCOM 2,102,0.01%,#293,#3,685,"72,244","1,013",26,2024-08-18 13:03
Stellaris,51,0.00%,#394,#6,86,"20,214",736,23,2024-08-18 13:03
Far Cry 3,51,0.00%,#392,#11,97,"15,531",348,5,2024-08-18 13:03
Control,285,0.02%,#182,#5,326,"63,641",905,38,2024-08-18 13:03
Pseudoregalia,50,0.00%,#396,#41,50,"8,573",244,2,2024-08-18 13:03
Apollo Justice Ace Attorney Trilogy,38,0.00%,#426,#77,84,"1,825",296,3,2024-08-18 13:03
9th Dawn II,48,0.00%,#402,#83,48,48,45,28,2024-08-18 13:03
Astroneer,25,0.00%,#500,#5,58,"63,064",798,34,2024-08-18 13:03
Agrou,48,0.00%,#404,#19,63,"16,292",259,17,2024-08-18 13:04
Suicide Squad: Kill the Justice League,49,0.00%,#399,#70,50,"2,593",164,7,2024-08-18 13:04
Until Then,36,0.00%,#434,#67,271,"3,798",547,17,2024-08-18 13:04
Sky: Children of the Light,51,0.00%,#391,#54,133,"24,591",722,48,2024-08-18 13:04
Tiny Tina's Wonderlands,53,0.00%,#385,#70,60,"2,559",153,3,2024-08-18 13:04
NARUTO X BORUTO Ultimate Ninja STORM CONNECTIONS,28,0.00%,#486,#200,52,358,71,3,2024-08-18 13:04
Tiny Tinas Wonderlands,53,0.00%,#384,#69,60,"2,559",153,3,2024-08-18 13:04
Castle Crashers,51,0.00%,#393,#7,108,"25,668",201,3,2024-08-18 13:04
Dark Souls II,16,0.00%,#580,#1,"3,709","159,464","2,110",68,2024-08-18 13:05
Deceive Inc,19,0.00%,#553,#107,60,"1,350",111,6,2024-08-18 13:05
Warhammer 40000 Warpforge,66,0.00%,#361,#183,189,407,56,9,2024-08-18 13:05
Final Fantasy XII: The Zodiac Age,39,0.00%,#424,#9,"2,694","11,634",197,5,2024-08-18 13:05
The Crew 2,49,0.00%,#400,#7,49,"35,996",398,24,2024-08-18 13:05
Vigor,34,0.00%,#447,#33,86,"2,661",61,5,2024-08-18 13:05
FINAL FANTASY XII THE ZODIAC AGE,39,0.00%,#423,#72,"2,694","2,694",291,5,2024-08-18 13:05
F1 23,67,0.00%,#359,#85,129,"2,463",412,11,2024-08-18 13:06
Devil May Cry 5,52,0.00%,#388,#1,83,"143,348",672,24,2024-08-18 13:06
Ranch Simulator,41,0.00%,#419,#12,338,"178,125","2,249",59,2024-08-18 13:06
Fish Person Shooter,44,0.00%,#412,#85,44,44,44,44,2024-08-18 13:06
Oh Deer,20,0.00%,#549,#10,173,"45,852","3,146",1,2024-08-18 13:06
PlanetSide 2,36,0.00%,#431,#5,57,"36,804",443,18,2024-08-18 13:06
Counter-Strike:Half-Life,35,0.00%,#437,#6,227,"32,943",414,5,2024-08-18 13:06
Counter-Strike,35,0.00%,#436,#8,227,"60,822","1,035",29,2024-08-18 13:06
For The King II,12,0.00%,#618,#22,78,"13,532","1,719",2,2024-08-18 13:07
WWE 2K23,24,0.00%,#511,#107,97,"1,353",77,2,2024-08-18 13:07
Metal Slug Awakening,10,0.00%,#644,#199,55,223,88,6,2024-08-18 13:07
Metal Gear Solid V: The Phantom Pain,22,0.00%,#528,#9,106,"96,514",520,28,2024-08-18 13:07
Dead Cells,29,0.00%,#485,#2,211,"145,631","1,419",40,2024-08-18 13:07
FIFA 23,45,0.00%,#409,#2,307,"480,773","34,889","5,378",2024-08-18 13:07
Deceit 2,47,0.00%,#405,#63,127,"3,355",376,8,2024-08-18 13:07
The Sims(TM) 3,5,0.00%,#750,#13,68,"17,203",390,4,2024-08-18 13:08
Call of the Wild: The Angler,33,0.00%,#455,#89,83,"22,277",833,383,2024-08-18 13:08
Call of the Wild The Angler,33,0.00%,#456,#159,83,306,153,14,2024-08-18 13:08
Crow Country,8,0.00%,#677,#64,47,"2,595",441,4,2024-08-18 13:08
Flintlock The Siege of Dawn,61,0.00%,#369,#76,61,"1,888",390,42,2024-08-18 13:08
Kunitsu-Gami Path of the Goddess,7,0.00%,#719,#48,149,"3,095",814,42,2024-08-18 13:08
Far Cry: Primal,16,0.00%,#581,#3,55,"73,755",307,2,2024-08-18 13:08
Far Cry Primal,16,0.00%,#574,#227,55,243,41,2,2024-08-18 13:09
The Callisto Protocol,59,0.00%,#371,#36,75,"5,046",289,10,2024-08-18 13:09
Tavern Talk,25,0.00%,#495,#134,49,443,134,3,2024-08-18 13:09
The Elder Scrolls IV: Oblivion,13,0.00%,#611,#1,157,"152,667","1,070",12,2024-08-18 13:09
Russian Fishing 4,39,0.00%,#425,#3,501,"15,630",885,89,2024-08-18 13:09
Medieval Dynasty,33,0.00%,#451,#7,106,"33,526","1,496",42,2024-08-18 13:09
The Last Faith,42,0.00%,#418,#54,45,"2,291",91,1,2024-08-18 13:09
Dying Light 2: Stay Human,57,0.00%,#374,#1,434,"397,499","4,087","1,028",2024-08-18 13:09
Gray Zone Warfare,31,0.00%,#474,#63,145,"1,872",413,64,2024-08-18 13:10
Wormhole Wars,35,0.00%,#441,#6,41,"37,564",299,3,2024-08-18 13:10
Insurgency: Sandstorm,38,0.00%,#427,#4,72,"39,642",379,12,2024-08-18 13:10
Splitgate,35,0.00%,#443,#3,41,"102,873","1,444",107,2024-08-18 13:10
Anger Foot,4,0.00%,#822,#68,151,"2,793",666,4,2024-08-18 13:10
Sun Haven,63,0.00%,#366,#21,122,"14,660",439,28,2024-08-18 13:10
Splitgate,35,0.00%,#444,#4,41,"83,952",892,84,2024-08-18 13:10
Tom Clancy's The Division,35,0.00%,#438,#1,114,"149,160",856,120,2024-08-18 13:11
Half-Life,38,0.00%,#429,#1,240,"127,099",967,8,2024-08-18 13:11
Naruto to Boruto: Shinobi Striker,24,0.00%,#516,#12,75,"14,295",93,8,2024-08-18 13:11
NARUTO TO BORUTO SHINOBI STRIKER,24,0.00%,#508,#189,75,358,97,6,2024-08-18 13:11
Moonstone Island,34,0.00%,#445,#128,51,575,99,2,2024-08-18 13:11
The Universim,35,0.00%,N/A,N/A,37,"15,793",326,4,2024-08-18 13:11
Payday 2,12,0.00%,#614,#4,53,"47,841",857,35,2024-08-18 13:11
Hades II,25,0.00%,#493,#40,203,"9,842","1,466",48,2024-08-18 13:12
Final Fantasy XV,30,0.00%,#477,#2,78,"107,050",514,28,2024-08-18 13:12
Rec Room,44,0.00%,#414,#3,55,"1,654",199,9,2024-08-18 13:12
Half-Life 2,55,0.00%,#378,#1,281,"445,474","1,177",6,2024-08-18 13:12
Kenshi,27,0.00%,#490,#11,218,"23,109",925,21,2024-08-18 13:12
The Seven Deadly Sins: Hikari to Yami no Grand Cross,29,0.00%,#483,#35,317,"1,239",180,5,2024-08-18 13:12
Gnosia,33,0.00%,#449,#95,33,33,33,4,2024-08-18 13:12
Black Myth: Wu Kong,23,0.00%,#527,#16,124,"12,279",989,23,2024-08-18 13:12
The Seven Deadly Sins: Grand Cross,29,0.00%,#484,#36,317,"5,025",560,23,2024-08-18 13:13
Black Myth: Wukong,23,0.00%,#526,#19,124,"12,279","1,098",19,2024-08-18 13:13
SVC Chaos: SNK vs. Capcom,1,0.00%,#957,#13,35,"14,386",347,87,2024-08-18 13:13
Kerbal Space Program,37,0.00%,#430,#6,87,"37,617","1,201",23,2024-08-18 13:13
Age of Empires III: Complete Collection,32,0.00%,#463,#12,167,"13,466",226,12,2024-08-18 13:13
The Long Dark,32,0.00%,#465,#5,255,"32,675","1,339",57,2024-08-18 13:13
resident evil 4 / biohazard 4,31,0.00%,#469,#1,60,"162,539","1,388",18,2024-08-18 13:13
SNK vs. Capcom: SVC Chaos,1,0.00%,#996,#18,35,"14,386",650,3,2024-08-18 13:14
Death's Door,23,0.00%,#521,#7,32,"91,100",701,17,2024-08-18 13:14
Railroads Online!,23,0.00%,#524,#60,32,"2,085",88,5,2024-08-18 13:14
Manor Lords,21,0.00%,#542,#57,58,"65,762","3,914",536,2024-08-18 13:14
Nebulous: Fleet Command,32,0.00%,#460,#218,32,39,15,9,2024-08-18 13:14
The Closing Shift,14,0.00%,#600,#6,51,"58,692","1,772",396,2024-08-18 13:14
Resident Evil 4,31,0.00%,#471,#1,60,"152,439","9,141",182,2024-08-18 13:14
Cities Skylines II,40,0.00%,#420,#49,383,"3,446",634,14,2024-08-18 13:14
Railroads Online,23,0.00%,#519,#156,32,334,48,2,2024-08-18 13:15
Killing Floor 2,32,0.00%,#462,#4,44,"75,883",538,17,2024-08-18 13:15
Human: Fall Flat,31,0.00%,#470,#1,120,"138,223","2,287",22,2024-08-18 13:15
Granblue Fantasy Project Re: Link,9,0.00%,#663,#6,34,"40,768","2,308",481,2024-08-18 13:15
Gunfire Reborn,15,0.00%,#593,#8,"10,743","44,735","1,155",40,2024-08-18 13:15
Granblue Fantasy: Relink,9,0.00%,#655,#7,34,"40,768","2,323",425,2024-08-18 13:15
Gorilla Tag,11,0.00%,#626,#12,31,"30,908",166,3,2024-08-18 13:15
Risk of Rain Returns,29,0.00%,#482,#121,31,726,52,1,2024-08-18 13:16
Void Stranger,36,0.00%,#433,#10,45,"45,981",679,3,2024-08-18 13:16
Everafter Falls,0,N/A,#89115,#339,34,70,13,2,2024-08-18 13:16
Batman: Arkham Knight,36,0.00%,#432,#7,103,"24,143",449,16,2024-08-18 13:16
Little Kitty Big City,49,0.00%,#398,#72,121,"1,760",326,6,2024-08-18 13:16
In Stars And Time,5,0.00%,#761,#186,84,352,51,2,2024-08-18 13:16
ContractVille,33,0.00%,#457,#40,36,"6,561",993,3,2024-08-18 13:16
Neverwinter,13,0.00%,#612,#13,42,"14,056",215,32,2024-08-18 13:16
Star Trek Online,28,0.00%,#489,#24,66,"6,691",133,8,2024-08-18 13:17
Middle-earth: Shadow of War,23,0.00%,#517,#1,74,"122,204",546,54,2024-08-18 13:17
Code Vein,24,0.00%,#515,#2,125,"61,320",654,67,2024-08-18 13:17
THE GAME OF LIFE 2,8,0.00%,#687,#5,50,"88,173","1,793",3,2024-08-18 13:17
Pacific Drive,67,0.00%,#358,#15,82,"30,932","1,196",9,2024-08-18 13:17
Grim Dawn,24,0.00%,#507,#10,195,"22,054",477,34,2024-08-18 13:17
Assassin's Creed Origins,59,0.00%,#372,#2,79,"81,382",687,59,2024-08-18 13:18
Planet Zoo,17,0.00%,#564,#3,"2,127","75,219","1,494",56,2024-08-18 13:18
Dragon Ball Z: Kakarot,44,0.00%,#459,#61,149,"2,026",375,27,2024-08-18 13:18
DRAGON BALL Z KAKAROT,32,0.00%,#458,#60,149,"2,026",375,27,2024-08-18 13:18
Little-Known Galaxy,0,N/A,#88792,#277,55,169,30,2,2024-08-18 13:18
Rustys Retirement,30,0.00%,#476,#109,31,736,127,6,2024-08-18 13:18
Assassin's Creed IV Black Flag,31,0.00%,#468,#11,230,"40,897",459,10,2024-08-18 13:18
One-armed robber,7,0.00%,#716,#57,95,"4,228",179,1,2024-08-18 13:19
Crestfallen Medieval Survival,45,0.00%,#410,#188,92,170,23,7,2024-08-18 13:19
Soulmask,28,0.00%,#488,#36,235,"9,346","1,542",278,2024-08-18 13:19
Darkest Dungeon 2,22,0.00%,#584,#17,128,"14,560",811,12,2024-08-18 13:19
The King of Fighters XV,81,0.00%,#562,#13,445,"30,273","2,684",511,2024-08-18 13:19
Darkest Dungeon II,15,0.00%,#592,#29,128,"87,785","2,648",305,2024-08-18 13:19
Blade and Soul,19,0.00%,#497,#2,140,"66,611",999,122,2024-08-18 13:19
Blade & Soul,19,0.00%,#505,#46,140,"2,968",263,23,2024-08-18 13:20
World War Z: Aftermath,42,0.00%,#417,#9,65,"63,543",904,56,2024-08-18 13:20
TopSpin 2K25,23,0.00%,#520,#51,87,"4,932",570,13,2024-08-18 13:20
OCTOPATH TRAVELER II,28,0.00%,#487,#6,36,"42,922",683,9,2024-08-18 13:20
Europa Universalis IV,14,0.00%,#597,#1,117,"140,898","1,782",42,2024-08-18 13:20
Slime Rancher,22,0.00%,#529,#5,97,"101,374",630,15,2024-08-18 13:20
Death Stranding,34,0.00%,#448,#1,386,"285,396","1,947",322,2024-08-18 13:20
EA SPORTS WRC,13,0.00%,#609,#146,126,621,171,3,2024-08-18 13:21
BioShock Infinite,29,0.00%,#479,#2,542,"98,911",692,8,2024-08-18 13:21
Call of Duty: Infinite Warfare,22,0.00%,#530,#2,31,"101,550",435,18,2024-08-18 13:21
Space Engineers,17,0.00%,#565,#6,99,"42,397",625,26,2024-08-18 13:21
OUTBRK,34,0.00%,#446,#4,58,"60,961","5,872",4,2024-08-18 13:21
AdVenture Capitalist,23,0.00%,#522,#24,26,"2,603",20,4,2024-08-18 13:21
World of Tanks Blitz,33,0.00%,#453,#14,111,"10,844",152,9,2024-08-18 13:21
Planet Coaster,25,0.00%,#499,#4,113,"56,524",732,8,2024-08-18 13:22
South Park: The Fractured But Whole,17,0.00%,#566,#1,274,"154,144",920,45,2024-08-18 13:22
Forza Horizon 4,33,0.00%,#454,#7,73,"62,258","1,573",72,2024-08-18 13:22
Mafia II: Definitive Edition,22,0.00%,#572,#64,45,"3,651",291,4,2024-08-18 13:22
Mafia II Definitive Edition,17,0.00%,#571,#63,45,"3,651",311,4,2024-08-18 13:22
Mad Max,25,0.00%,#498,#9,135,"77,732",243,5,2024-08-18 13:22
Naruto Shippuden: Ultimate Ninja Storm 4,11,0.00%,#705,#8,90,"33,929",401,3,2024-08-18 13:23
Watch Dogs 2,11,0.00%,#633,#3,97,"59,226",179,6,2024-08-18 13:23
Mobile Suit Gundam: Battle Operation 2,28,0.00%,#544,#56,120,"1,372",177,4,2024-08-18 13:23
SCP: Pandemic,26,0.00%,#532,#91,21,"2,203",118,1,2024-08-18 13:23
Need for Speed Hot Pursuit Remastered,33,0.00%,#452,#35,88,"6,535",102,5,2024-08-18 13:23
Wizard with a Gun,21,0.00%,#534,#106,21,21,21,1,2024-08-18 13:23
NARUTO SHIPPUDEN Ultimate Ninja STORM 4,7,0.00%,#711,#55,90,"2,843",109,1,2024-08-18 13:23
SCP 5K,21,0.00%,#536,#92,21,"2,203",118,1,2024-08-18 13:24
MOBILE SUIT GUNDAM BATTLE OPERATION 2,20,0.00%,#548,#221,120,187,107,10,2024-08-18 13:24
Super Mega Baseball 4,13,0.00%,#608,#129,21,929,43,1,2024-08-18 13:24
Friends vs Friends,19,0.00%,#555,#10,21,"36,141",971,1,2024-08-18 13:24
Bellwright,24,0.00%,#509,#61,65,"1,262",173,5,2024-08-18 13:24
Astral Party,14,0.00%,#602,#124,24,390,58,2,2024-08-18 13:24
Nobody Wants to Die,25,0.00%,#496,#23,329,"12,442","2,376",20,2024-08-18 13:24
Crossout,18,0.00%,#560,#5,104,"56,734",340,21,2024-08-18 13:24
Graveyard Keeper,25,0.00%,#503,#7,143,"48,812",476,11,2024-08-18 13:25
Returnal,70,0.00%,#351,#6,70,"95,005","1,537",160,2024-08-18 13:25
Yakuza 5 Remastered,23,0.00%,#525,#30,52,588,89,4,2024-08-18 13:25
Cthulhu Saves the World: Super Hyper Enhanced Championship Edition Alpha Diamond DX Plus Alpha FES HD  Premium Enhanced Game of the Year Collectors,20,0.00%,#545,#88,20,137,26,17,2024-08-18 13:25
Metal: Hellsinger,0,N/A,#17326,#36,180,"16,272",399,21,2024-08-18 13:25
Tunic,16,0.00%,#561,#16,99,"10,121","1,086",338,2024-08-18 13:25
Marvel's Midnight Suns,20,0.00%,#523,#80,52,360,81,4,2024-08-18 13:25
Depersonalization,4,0.00%,#789,#251,56,197,81,1,2024-08-18 13:26
Marvels Midnight Suns,23,0.00%,#518,#81,52,360,81,4,2024-08-18 13:26
ANIMAL WELL,10,0.00%,#640,#54,109,"7,738",530,5,2024-08-18 13:26
Warhammer 40000 Rogue Trader,71,0.00%,#349,#121,81,"1,050",146,4,2024-08-18 13:26
Divinity: Original Sin II,27,0.00%,#480,#6,138,"56,304","1,703",82,2024-08-18 13:26
Far Cry 4,38,0.00%,#428,#8,59,"8,351",168,5,2024-08-18 13:26
Divinity: Original Sin 2,29,0.00%,#481,#5,138,"85,192","1,639",68,2024-08-18 13:26
Demon Slayer: Kimetsu no Yaiba - The Hikonami Chronicles,17,0.00%,#656,#31,105,"8,234",81,1,2024-08-18 13:27
Ghost of Tsushima: Director's Cut,16,0.00%,#573,#27,132,"11,925","1,513",19,2024-08-18 13:27
Demon Slayer: Kimetsu no Yaiba - The Hinokami Chronicles,17,0.00%,#654,#11,105,"56,150",625,49,2024-08-18 13:27
Lightyear Frontier,16,0.00%,#577,#137,19,377,39,1,2024-08-18 13:27
The Classrooms,24,0.00%,#513,#31,137,"7,405","1,246",3,2024-08-18 13:27
Need for Speed: Most Wanted (2005),14,0.00%,#615,#7,716,"20,292",336,2,2024-08-18 13:27
Minecraft: Dungeons,14,0.00%,#599,#9,42,"45,301",294,20,2024-08-18 13:27
Remnant: From the Ashes,22,0.00%,#531,#5,37,"76,334","1,087",115,2024-08-18 13:27
Minishoot',17,0.00%,#567,#131,32,459,53,2,2024-08-18 13:28
Wo Long: Fallen Dynasty,21,0.00%,#535,#16,38,"19,682",701,95,2024-08-18 13:28
Need for Speed Most Wanted,12,0.00%,#617,#72,716,"3,064",850,5,2024-08-18 13:28
Borderlands: The Pre-Sequel,7,0.00%,#697,#1,40,"105,068",262,4,2024-08-18 13:28
Cities: Skylines,8,0.00%,#694,#3,71,"75,097","1,909",65,2024-08-18 13:28
Pharaoh Rebirth,16,0.00%,#582,#116,16,16,16,11,2024-08-18 13:28
Call of Duty: World at War,6,0.00%,#735,#9,19,"17,034",172,3,2024-08-18 13:29
OVERWHELM,16,0.00%,#583,#32,16,"2,742",53,4,2024-08-18 13:29
ROUNDS,14,0.00%,#596,#18,49,"21,766",400,8,2024-08-18 13:29
House Flipper 2,31,0.00%,#472,#58,177,"3,727",468,4,2024-08-18 13:29
Tactics Ogre Reborn,19,0.00%,#554,#233,89,103,38,1,2024-08-18 13:29
Spirit City Lofi Sessions,17,0.00%,#569,#114,60,383,159,23,2024-08-18 13:29
Crime Boss Rockay City,9,0.00%,#662,#111,131,978,103,2,2024-08-18 13:29
Nightmare Files Clap Clap,0,N/A,#89245,#22,492,"14,328","1,097",1,2024-08-18 13:29
Assassin's Creed Syndicate,13,0.00%,#613,#16,34,"26,422",131,4,2024-08-18 13:30
BloodLust Shadowhunter,15,0.00%,N/A,N/A,15,17,17,14,2024-08-18 13:30
Voodoo Garden,15,0.00%,#590,#121,15,15,5,3,2024-08-18 13:30
Dead Space 2,59,0.00%,#373,#6,87,"36,280",513,3,2024-08-18 13:30
Total War: ROME II - Emperor Edition,0,N/A,#72080,#19,21,"20,388",104,12,2024-08-18 13:30
Frostpunk,12,0.00%,#621,#5,645,"55,666","1,133",29,2024-08-18 13:30
Esports Life Tycoon,15,0.00%,#591,#105,15,15,3,2,2024-08-18 13:30
Smash Legends,15,0.00%,#595,#47,41,"5,480",70,5,2024-08-18 13:31
Final Fantasy VII: Ever Crisis,14,0.00%,#624,#99,120,497,119,1,2024-08-18 13:31
Inside the Backrooms,8,0.00%,#674,#15,190,"68,145","2,282",832,2024-08-18 13:31
High on Life,20,0.00%,#547,#28,36,"4,097",207,3,2024-08-18 13:31
Construction Simulator,40,0.00%,#421,#43,"2,011","6,968",719,4,2024-08-18 13:31
Lorelei and the Laser Eyes,18,0.00%,#559,#34,40,"7,196",532,2,2024-08-18 13:31
We Were Here Expeditions The FriendShip,2,0.00%,#908,#51,55,"4,401",172,1,2024-08-18 13:31
FINAL FANTASY VII EVER CRISIS,12,0.00%,#619,#109,120,497,119,1,2024-08-18 13:32
Buckshot Roulette,9,0.00%,#659,#30,57,"10,094",557,1,2024-08-18 13:32
Bodycam,19,0.00%,#558,#55,47,"21,664","1,141",16,2024-08-18 13:32
Trove,11,0.00%,#630,#9,32,"16,044",209,25,2024-08-18 13:32
Dead Space 3,5,0.00%,#751,#8,107,"16,191",256,2,2024-08-18 13:32
Borderlands,11,0.00%,#629,#6,59,"31,022",342,11,2024-08-18 13:32
Middle-earth: Shadow of Mordor,9,0.00%,#664,#6,28,"16,102",181,4,2024-08-18 13:32
Honkai Impact 3,14,0.00%,#598,#14,14,"16,319",168,2,2024-08-18 13:33
Project Resistance,12,0.00%,#506,#25,26,542,46,3,2024-08-18 13:33
Resident Evil: Resistance,25,0.00%,#504,#32,26,"4,555",209,23,2024-08-18 13:33
Library Of Ruina,11,0.00%,#570,#179,17,305,45,2,2024-08-18 13:33
Honkai Impact 3rd,14,0.00%,#604,#41,14,815,118,6,2024-08-18 13:33
Let's Build a Zoo,14,0.00%,#603,#184,33,320,45,2,2024-08-18 13:33
SIFU,25,0.00%,#501,#3,62,"152,452","1,558",231,2024-08-18 13:33
Aliens Dark Descent,16,0.00%,#576,#146,211,483,95,2,2024-08-18 13:34
Lets Build a Zoo,0,N/A,#88348,#183,33,320,45,2,2024-08-18 13:34
Bread  Fred,169,0.01%,#233,#11,180,"48,280","1,364",2,2024-08-18 13:34
Asphalt 9 Legends,24,0.00%,#510,#248,35,207,48,3,2024-08-18 13:34
Quasimorph,0,N/A,#88535,#106,14,"1,244",147,1,2024-08-18 13:34
Snowbreak Containment Zone,10,0.00%,#643,#40,48,"5,924",556,26,2024-08-18 13:34
Contractors Showdown,8,0.00%,#681,#89,21,328,67,2,2024-08-18 13:34
Dungeons of Hinterberg,7,0.00%,#718,#69,155,"3,426",454,9,2024-08-18 13:35
One Piece: Pirate Warriors 4,12,0.00%,#622,#84,25,"2,193",154,1,2024-08-18 13:35
ONE PIECE PIRATE WARRIORS 4,0,N/A,#616,#85,25,"2,193",154,1,2024-08-18 13:35
Wildmender,0,N/A,#641,#74,13,938,77,2,2024-08-18 13:35
The Thaumaturge,3,0.00%,#601,#81,53,877,70,1,2024-08-18 13:35
Undawn,2,0.00%,#675,#250,75,88,54,1,2024-08-18 13:35
STAR OCEAN THE SECOND STORY R,21,0.00%,#680,#6,21,"44,527","1,166",1,2024-08-18 13:35
Enter the Gungeon,9,0.00%,#737,#3,"1,554","118,841","1,522",46,2024-08-18 13:36
ShellShock Live,1,0.00%,#749,#4,16,"118,085",606,3,2024-08-18 13:36
Barotrauma,11,0.00%,#563,#13,"1,841","31,037",995,10,2024-08-18 13:36
CONSCRIPT,15,0.00%,#605,#12,877,"28,650","3,036",14,2024-08-18 13:36
Operation: Tango,22,0.00%,#533,#59,22,"4,932",223,2,2024-08-18 13:36
Placid Plastic Duck Simulator,21,0.00%,#606,#23,346,"18,330",619,21,2024-08-18 13:36
Hi-Fi RUSH,16,0.00%,#607,#39,38,"4,777",349,8,2024-08-18 13:36
Operation Tango,22,0.00%,#537,#58,22,"4,932",256,2,2024-08-18 13:36
Sketchys Contract,49,0.00%,#475,#117,68,"1,216",152,3,2024-08-18 13:37
Volume,11,0.00%,N/A,N/A,11,"1,395",24,11,2024-08-18 13:37
Realm of the Mad God,21,0.00%,#540,#18,41,"24,500",195,24,2024-08-18 13:37
Dragon Quest Builders,11,0.00%,#632,#9,11,"14,859",145,2,2024-08-18 13:37
Guilty Gear Xrd REV 2,11,0.00%,#636,#3,11,"106,486","1,100",5,2024-08-18 13:37
Gotham Knights,32,0.00%,#514,#37,124,"71,901",916,119,2024-08-18 13:37
Against the Storm,6,0.00%,#625,#22,20,"3,367",313,3,2024-08-18 13:37
SunnySide,11,0.00%,#638,#64,11,197,84,7,2024-08-18 13:38
Void Crew,6,0.00%,#575,#97,26,"3,079",143,2,2024-08-18 13:38
Ravenswatch,6,0.00%,#678,#69,164,"1,314",84,1,2024-08-18 13:38
Zet Zillions,11,0.00%,#634,#133,11,"1,117",90,3,2024-08-18 13:38
Like a Dragon Gaiden The Man Who Erased His Name,4,0.00%,#764,#144,125,653,128,1,2024-08-18 13:38
Bronzebeards Tavern,15,0.00%,#765,#112,61,876,121,1,2024-08-18 13:38
Go-Go Town,0,N/A,#89178,#136,12,497,71,2,2024-08-18 13:38
Just Cause 3,3,0.00%,#872,#5,29,"107,088",214,6,2024-08-18 13:39
Star Wars: Knights of the Old Republic,4,0.00%,#801,#2,140,"97,777",367,3,2024-08-18 13:39
The Binding of Isaac: Rebirth,15,0.00%,#647,#4,42,"50,497",551,8,2024-08-18 13:39
Wolfenstein: The New Order,10,0.00%,#585,#9,29,"107,193",187,4,2024-08-18 13:39
Dirt Rally 2.0,2,0.00%,#917,#33,39,"4,244",279,5,2024-08-18 13:39
Nightmare Reaper,10,0.00%,#645,#81,10,"1,127",17,3,2024-08-18 13:39
Nova Islands,10,0.00%,#650,#144,10,232,25,3,2024-08-18 13:39
Night of the Dead,12,0.00%,#637,#15,22,"34,424","1,364",29,2024-08-18 13:40
Book of Demons: HELLCARD,10,0.00%,#651,#146,10,115,45,34,2024-08-18 13:40
FOUNDRY,10,0.00%,#670,#63,427,"20,822",905,24,2024-08-18 13:40
Dyson Sphere Program,5,0.00%,#812,#18,69,"30,471",681,41,2024-08-18 13:40
Fallen Aces,10,0.00%,#639,#24,37,"6,486",449,2,2024-08-18 13:40
DiRT Rally 20,2,0.00%,#897,#271,39,151,49,1,2024-08-18 13:40
Cryptmaster,0,N/A,#568,#54,44,"3,754",562,2,2024-08-18 13:40
Yi Xian The Cultivation Card Game,23,0.00%,#512,#69,23,"1,073",57,2,2024-08-18 13:40
Magicraft,16,0.00%,#557,#125,19,802,118,1,2024-08-18 13:41
Ship Graveyard Simulator 2,14,0.00%,#578,#141,77,898,61,1,2024-08-18 13:41
Deep Rock Galactic Survivor,2,0.00%,#795,#47,895,"3,988","1,225",11,2024-08-18 13:41
Resonite,45,0.00%,#1043,#300,45,89,26,2,2024-08-18 13:41
Joe Dever's Lone Wolf HD Remastered,9,0.00%,#666,#151,9,43,7,2,2024-08-18 13:41
To Be or Not To Be,9,0.00%,#667,#152,9,111,15,3,2024-08-18 13:41
Counter-Strike: Source,7,0.00%,#945,#5,18,"445,474",635,5,2024-08-18 13:41
Mafia II,1,0.00%,#949,#2,19,"35,149",585,6,2024-08-18 13:42
Business Tour,95,0.01%,#811,#7,95,"53,981","1,322",4,2024-08-18 13:42
Quake Champions,16,0.00%,#562,#4,288,"51,151","1,332",80,2024-08-18 13:42
Stick Fight: The Game,114,0.01%,#267,#7,114,"28,450",856,2,2024-08-18 13:42
Stick Fight: The Game,114,0.01%,#266,#107,114,868,75,1,2024-08-18 13:42
Stick Fight: The Game,114,0.01%,#267,#7,114,"28,450",856,2,2024-08-18 13:42
Changed,9,0.00%,#671,#20,9,"5,151",87,4,2024-08-18 13:42
Sprocket Rocket Rumble,9,0.00%,#668,#28,18,712,49,1,2024-08-18 13:42
Counter:Side,2,0.00%,#900,#94,16,48,8,1,2024-08-18 13:43
Kaku Ancient Seal,0,N/A,#623,#46,47,"3,264",318,4,2024-08-18 13:43
Mists of Noyah,9,0.00%,#665,#108,9,180,14,2,2024-08-18 13:43
Counter: Side,2,0.00%,#903,#95,16,394,32,4,2024-08-18 13:43
S.T.A.L.K.E.R.: Anomaly,43,0.00%,#402,#15,"1,512","21,698",764,49,2024-08-18 13:43
PROJECT PLAYTIME,0,N/A,#88501,#181,9,309,21,1,2024-08-18 13:43
Cuisineer,25,0.00%,#483,#175,331,383,52,2,2024-08-18 13:43
CounterSide,2,0.00%,#873,#173,16,48,8,1,2024-08-18 13:44
BlazBlue Entropy Effect,26,0.00%,#476,#132,26,357,37,1,2024-08-18 13:44
ASKA,2,0.00%,#880,#180,33,508,121,7,2024-08-18 13:44
Sleep Stream,9,0.00%,#663,#180,9,260,48,2,2024-08-18 13:44
Armored Warfare,3,0.00%,#816,#1,24,"4,259",60,3,2024-08-18 13:44
Doom,35,0.00%,#434,#1,"2,150","164,939","1,197",41,2024-08-18 13:44
Spore,14,0.00%,#575,#1,497,"99,091",866,45,2024-08-18 13:44
Sniper: Ghost Warrior 3,0,N/A,#707,#6,62,"32,466",128,1,2024-08-18 13:44
