GameID,Cost,Date
730,Free To Play,2024-08-10
578080,Free To Play,2024-08-10
570,Free To Play,2024-08-10
2923300,Free To Play,2024-08-10
1203220,Free To Play,2024-08-10
1172470,Free To Play,2024-08-10
271590,NT$ 662.00,2024-08-10
2139460,Free To Play,2024-08-10
1245620,"NT$ 1,790.00",2024-08-10
252490,NT$ 694.00,2024-08-10
431960,NT$ 120.00,2024-08-10
238960,NT$ 120.00,2024-08-10
413150,NT$ 318.00,2024-08-10
236390,Free To Play,2024-08-10
251570,NT$ 670.00,2024-08-10
440,Free To Play,2024-08-10
1086940,"NT$ 1,599.00",2024-08-10
2074920,Free To Play,2024-08-10
1938090,Free To Play,2024-08-10
289070,"NT$ 1,790.00",2024-08-10
2252570,"NT$ 1,299.00",2024-08-10
2195250,"NT$ 1,999.00",2024-08-10
359550,NT$ 569.00,2024-08-10
1782210,Free To Play,2024-08-10
230410,Free To Play,2024-08-10
394360,"NT$ 1,268.00",2024-08-10
381210,NT$ 379.00,2024-08-10
3016800,NT$ 379.00,2024-08-10
582010,NT$ 920.00,2024-08-10
1085660,Free To Play,2024-08-10
322330,NT$ 268.00,2024-08-10
2357570,Free To Play,2024-08-10
221100,"NT$ 1,499.00",2024-08-10
1623730,NT$ 488.00,2024-08-10
1281930,Free To Play,2024-08-10
436150,Free To Play,2024-08-10
1174180,"NT$ 1,790.00",2024-08-10
227300,NT$ 428.00,2024-08-10
346110,NT$ 268.00,2024-08-10
1222670,Free To Play,2024-08-10
553850,"NT$ 1,190.00",2024-08-10
1238810,NT$ 209.00,2024-08-10
105600,NT$ 188.00,2024-08-10
438100,Free To Play,2024-08-10
550,NT$ 188.00,2024-08-10
2344520,"NT$ 1,575.00",2024-08-10
1248130,NT$ 650.00,2024-08-10
1091500,"NT$ 1,599.00",2024-08-10
1449850,Free To Play,2024-08-10
304930,Free To Play,2024-08-10
39210,Free To Play,2024-08-10
108600,NT$ 328.00,2024-08-10
2709570,Free To Play,2024-08-10
261550,"NT$ 1,399.00",2024-08-10
4000,NT$ 278.00,2024-08-10
1366800,NT$ 144.00,2024-08-10
294100,NT$ 529.00,2024-08-10
1142710,"NT$ 1,790.00",2024-08-10
275850,NT$ 898.00,2024-08-10
2977660,Free To Play,2024-08-10
377160,NT$ 239.00,2024-08-10
1364780,"NT$ 1,680.00",2024-08-10
1818450,Free To Play,2024-08-10
489830,NT$ 299.00,2024-08-10
2016590,Free To Play,2024-08-10
548430,NT$ 144.00,2024-08-10
292030,NT$ 868.00,2024-08-10
892970,NT$ 318.00,2024-08-10
2448970,NT$ 318.00,2024-08-10
1599340,NT$ 318.00,2024-08-10
813780,NT$ 679.00,2024-08-10
250900,NT$ 268.00,2024-08-10
1158310,"NT$ 1,268.00",2024-08-10
594650,NT$ 799.00,2024-08-10
739630,NT$ 198.00,2024-08-10
218620,NT$ 188.00,2024-08-10
513710,NT$ 745.00,2024-08-10
1238840,NT$ 164.00,2024-08-10
236850,"NT$ 1,018.00",2024-08-10
1049590,Free To Play,2024-08-10
2338770,"NT$ 1,790.00",2024-08-10
960090,NT$ 248.00,2024-08-10
393380,"NT$ 1,000.00",2024-08-10
8930,NT$ 895.00,2024-08-10
1973530,Free To Play,2024-08-10
1623660,Free To Play,2024-08-10
1293830,NT$ 858.00,2024-08-10
1568590,Free To Play,2024-08-10
1905180,Free To Play,2024-08-10
646570,NT$ 499.00,2024-08-10
1325860,Free To Play,2024-08-10
582660,NT$ 200.00,2024-08-10
1517290,NT$ 239.00,2024-08-10
427520,NT$ 600.00,2024-08-10
2399830,"NT$ 1,382.00",2024-08-10
766570,Free To Play,2024-08-10
629520,NT$ 102.00,2024-08-10
252950,NT$ 102.00,2024-08-10
284160,NT$ 408.00,2024-08-10
2073850,Free To Play,2024-08-10
2358720,"NT$ 1,280.00",2024-08-10
1675200,,2024-08-10
1593500,NT$ 476.00,2024-08-10
2933620,"NT$ 2,219.00",2024-08-10
2183900,"NT$ 1,590.00",2024-08-10
397540,NT$ 178.00,2024-08-10
306130,NT$ 179.00,2024-08-10
2638370,NT$ 328.00,2024-08-10
1237970,NT$ 79.00,2024-08-10
311210,NT$ 659.00,2024-08-10
782330,NT$ 299.00,2024-08-10
2142790,NT$ 248.00,2024-08-10
1151340,NT$ 299.00,2024-08-10
2778580,"NT$ 1,190.00",2024-08-10
49520,NT$ 149.00,2024-08-10
2400510,NT$ 241.00,2024-08-10
2567870,NT$ 102.00,2024-08-10
2751000,NT$ 677.00,2024-08-10
1286680,NT$ 433.00,2024-08-10
1716740,"NT$ 1,333.00",2024-08-10
2669320,"NT$ 2,099.00",2024-08-10
1962663,Free,2024-08-10
427410,NT$ 326.00,2024-08-10
202970,NT$ 623.00,2024-08-10
2215430,"NT$ 1,490.00",2024-08-10
1144200,NT$ 846.00,2024-08-10
2396980,NT$ 439.00,2024-08-10
261640,NT$ 446.00,2024-08-10
552990,Free,2024-08-10
2396240,NT$ 439.00,2024-08-10
1316680,NT$ 203.00,2024-08-10
1985810,NT$ 626.00,2024-08-10
1172620,"NT$ 1,088.00",2024-08-10
2280,NT$ 285.00,2024-08-10
546560,NT$ 305.00,2024-08-10
814380,NT$ 795.00,2024-08-10
1629520,NT$ 160.00,2024-08-10
2519060,"NT$ 2,219.00",2024-08-10
1326470,NT$ 488.00,2024-08-10
2305840,NT$ 340.00,2024-08-10
444200,Free,2024-08-10
1282100,NT$ 550.00,2024-08-10
1149460,NT$ 283.00,2024-08-10
1477070,NT$ 229.00,2024-08-10
2526380,Free,2024-08-10
1966720,NT$ 188.00,2024-08-10
1562430,NT$ 486.00,2024-08-10
2379780,NT$ 232.00,2024-08-10
1551360,"NT$ 1,688.00",2024-08-10
992300,NT$ 63.00,2024-08-10
2366980,NT$ 296.00,2024-08-10
2881650,NT$ 121.00,2024-08-10
612880,NT$ 179.00,2024-08-10
1250410,"NT$ 1,690.00",2024-08-10
2670630,NT$ 238.00,2024-08-10
2808930,Free,2024-08-10
379720,NT$ 119.00,2024-08-10
2336880,NT$ 884.00,2024-08-10
22380,NT$ 149.00,2024-08-10
1717250,NT$ 262.00,2024-08-10
1659040,NT$ 420.00,2024-08-10
270880,NT$ 428.00,2024-08-10
2790720,"NT$ 1,008.00",2024-08-10
1332010,NT$ 323.00,2024-08-10
1092790,NT$ 151.00,2024-08-10
2138330,NT$ 799.00,2024-08-10
2406770,NT$ 566.00,2024-08-10
1203620,NT$ 499.00,2024-08-10
1232580,NT$ 302.00,2024-08-10
1177980,NT$ 326.00,2024-08-10
2291060,"NT$ 1,950.00",2024-08-10
1672500,"NT$ 1,790.00",2024-08-10
2961880,NT$ 152.00,2024-08-10
201810,NT$ 161.00,2024-08-10
648800,NT$ 468.00,2024-08-10
2322010,"NT$ 1,490.00",2024-08-10
1790600,"NT$ 1,890.00",2024-08-10
1454970,NT$ 595.00,2024-08-10
281990,"NT$ 1,018.00",2024-08-10
403640,NT$ 179.00,2024-08-10
2488620,"NT$ 1,439.00",2024-08-10
42700,NT$ 618.00,2024-08-10
1774580,NT$ 899.00,2024-08-10
1817230,NT$ 510.00,2024-08-10
1286830,Free,2024-08-10
2000950,NT$ 605.00,2024-08-10
1693980,NT$ 559.00,2024-08-10
494840,NT$ 146.00,2024-08-10
1857090,NT$ 699.00,2024-08-10
1475810,NT$ 449.00,2024-08-10
1260320,NT$ 419.00,2024-08-10
22370,NT$ 197.00,2024-08-10
949230,"NT$ 1,398.00",2024-08-10
1599600,NT$ 131.00,2024-08-10
380600,Free,2024-08-10
1997040,Free,2024-08-10
1363080,NT$ 999.00,2024-08-10
1056960,NT$ 149.00,2024-08-10
1846380,NT$ 199.00,2024-08-10
266410,NT$ 278.00,2024-08-10
2337820,NT$ 259.00,2024-08-10
480490,NT$ 179.00,2024-08-10
1222680,NT$ 199.00,2024-08-10
304390,NT$ 849.00,2024-08-10
350080,NT$ 117.00,2024-08-10
686810,NT$ 899.00,2024-08-10
2362300,NT$ 599.00,2024-08-10
2426960,Free,2024-08-10
2315690,NT$ 895.00,2024-08-10
2244470,NT$ 262.00,2024-08-10
1145350,NT$ 488.00,2024-08-10
1222700,NT$ 159.00,2024-08-10
1962660,"NT$ 1,109.00",2024-08-10
1934680,"NT$ 1,018.00",2024-08-10
2668080,Free,2024-08-10
611670,NT$ 457.00,2024-08-10
1384160,"NT$ 1,193.00",2024-08-10
1304930,NT$ 599.00,2024-08-10
1284210,Free,2024-08-10
1989270,NT$ 238.00,2024-08-10
1336980,NT$ 995.00,2024-08-10
1089090,NT$ 297.00,2024-08-10
1665460,Free,2024-08-10
2582560,"NT$ 2,099.00",2024-08-10
3015760,NT$ 249.00,2024-08-10
1252330,NT$ 359.00,2024-08-10
1604030,NT$ 566.00,2024-08-10
1794680,NT$ 82.00,2024-08-10
1778820,"NT$ 1,990.00",2024-08-10
447040,NT$ 254.00,2024-08-10
632360,NT$ 588.00,2024-08-10
1943950,NT$ 186.00,2024-08-10
1643310,NT$ 825.00,2024-08-10
2395210,NT$ 499.00,2024-08-10
1407200,Free,2024-08-10
2878980,"NT$ 2,090.00",2024-08-10
244210,NT$ 318.00,2024-08-10
1809540,NT$ 650.00,2024-08-10
518790,NT$ 318.00,2024-08-10
1875830,"NT$ 1,790.00",2024-08-10
2672610,NT$ 300.00,2024-08-10
22330,NT$ 117.00,2024-08-10
2662630,NT$ 779.00,2024-08-10
1645820,NT$ 113.00,2024-08-10
767560,Free,2024-08-10
2300320,"NT$ 1,199.00",2024-08-10
2790710,NT$ 690.00,2024-08-10
1272080,NT$ 585.00,2024-08-10
1696780,,2024-08-10
1937780,"NT$ 1,090.00",2024-08-10
2815270,"NT$ 1,199.00",2024-08-10
330830,NT$ 442.00,2024-08-10
205100,NT$ 80.00,2024-08-10
291550,Free,2024-08-10
374320,"NT$ 1,290.00",2024-08-10
457140,NT$ 378.00,2024-08-10
1328670,NT$ 239.00,2024-08-10
813230,NT$ 449.00,2024-08-10
990080,"NT$ 1,690.00",2024-08-10
1426210,"NT$ 1,099.00",2024-08-10
1466860,"NT$ 1,088.00",2024-08-10
2965660,NT$ 152.00,2024-08-10
2662170,NT$ 599.00,2024-08-10
292730,NT$ 567.00,2024-08-10
1458140,NT$ 340.00,2024-08-10
872280,NT$ 495.00,2024-08-10
784150,NT$ 649.00,2024-08-10
2445690,NT$ 245.00,2024-08-10
386360,Free,2024-08-10
493520,NT$ 797.00,2024-08-10
1290000,NT$ 790.00,2024-08-10
2849080,NT$ 328.00,2024-08-10
629730,NT$ 488.00,2024-08-10
2479810,NT$ 566.00,2024-08-10
2552430,"NT$ 1,490.00",2024-08-10
1230530,NT$ 549.00,2024-08-10
945360,NT$ 77.00,2024-08-10
1681430,NT$ 599.00,2024-08-10
985810,Free,2024-08-10
900883,NT$ 147.00,2024-08-10
2995920,,2024-08-10
2349820,Free,2024-08-10
758870,NT$ 244.00,2024-08-10
2591280,NT$ 820.00,2024-08-10
286160,NT$ 328.00,2024-08-10
2695940,NT$ 102.00,2024-08-10
393080,NT$ 655.00,2024-08-10
1888160,"NT$ 1,790.00",2024-08-10
601510,Free,2024-08-10
208200,NT$ 119.00,2024-08-10
2223840,NT$ 610.00,2024-08-10
2707930,Free,2024-08-10
703080,NT$ 975.00,2024-08-10
386940,NT$ 134.00,2024-08-10
2780980,NT$ 188.00,2024-08-10
255710,NT$ 768.00,2024-08-10
1343400,Free,2024-08-10
476600,NT$ 659.00,2024-08-10
983380,NT$ 295.00,2024-08-10
431240,NT$ 148.00,2024-08-10
1401590,"NT$ 1,359.00",2024-08-10
1746860,NT$ 299.00,2024-08-10
3080260,NT$ 660.00,2024-08-10
107410,NT$ 698.00,2024-08-10
212500,Free,2024-08-10
264710,NT$ 895.00,2024-08-10
880940,NT$ 268.00,2024-08-10
976730,"NT$ 1,199.00",2024-08-10
242760,NT$ 318.00,2024-08-10
2161700,"NT$ 1,890.00",2024-08-10
2764370,Free,2024-08-10
620980,NT$ 488.00,2024-08-10
1449690,NT$ 746.00,2024-08-10
9900,Free,2024-08-10
2050650,"NT$ 1,250.00",2024-08-10
1361210,"NT$ 1,149.00",2024-08-10
1817070,"NT$ 1,490.00",2024-08-10
898750,NT$ 557.00,2024-08-10
1284190,NT$ 408.00,2024-08-10
1422440,NT$ 699.00,2024-08-10
115300,NT$ 618.00,2024-08-10
268910,NT$ 468.00,2024-08-10
2521630,NT$ 169.00,2024-08-10
1548850,NT$ 449.00,2024-08-10
22320,NT$ 187.00,2024-08-10
1888930,"NT$ 1,490.00",2024-08-10
1313140,NT$ 488.00,2024-08-10
958260,Free,2024-08-10
1164940,NT$ 630.00,2024-08-10
1465360,NT$ 849.00,2024-08-10
761890,Free,2024-08-10
1243830,NT$ 479.00,2024-08-10
526870,NT$ 599.00,2024-08-10
601430,NT$ 239.00,2024-08-10
570940,NT$ 990.00,2024-08-10
1971870,"NT$ 1,990.00",2024-08-10
2437170,NT$ 702.00,2024-08-10
799960,Free,2024-08-10
2012510,NT$ 678.00,2024-08-10
962130,"NT$ 1,088.00",2024-08-10
529340,"NT$ 1,268.00",2024-08-10
1812450,NT$ 488.00,2024-08-10
673750,NT$ 175.00,2024-08-10
2972990,NT$ 172.00,2024-08-10
1119730,NT$ 113.00,2024-08-10
1874880,NT$ 899.00,2024-08-10
228380,NT$ 279.00,2024-08-10
1240440,Free,2024-08-10
2380740,NT$ 408.00,2024-08-10
1235721,NT$ 549.00,2024-08-10
326360,Free,2024-08-10
1229490,NT$ 408.00,2024-08-10
2646460,NT$ 599.00,2024-08-10
744900,Free,2024-08-10
2420110,"NT$ 1,490.00",2024-08-10
2458860,NT$ 329.00,2024-08-10
2835570,NT$ 59.00,2024-08-10
1818750,Free,2024-08-10
268050,NT$ 161.00,2024-08-10
2054970,"NT$ 2,180.00",2024-08-10
534380,NT$ 986.00,2024-08-10
2964020,NT$ 315.00,2024-08-10
1533390,NT$ 328.00,2024-08-10
2963880,NT$ 96.00,2024-08-10
223750,Free,2024-08-10
2419090,NT$ 328.00,2024-08-10
2051620,Free,2024-08-10
367520,NT$ 268.00,2024-08-10
2602770,NT$ 367.00,2024-08-10
1458150,NT$ 549.00,2024-08-10
614570,NT$ 179.00,2024-08-10
1446780,"NT$ 1,120.00",2024-08-10
1118010,"NT$ 1,230.00",2024-08-10
2321470,NT$ 141.00,2024-08-10
2698780,NT$ 328.00,2024-08-10
1088850,NT$ 298.00,2024-08-10
2413275,NT$ 590.00,2024-08-10
1593030,NT$ 298.00,2024-08-10
1222690,NT$ 109.00,2024-08-10
2307350,NT$ 599.00,2024-08-10
2717880,NT$ 455.00,2024-08-10
2524890,Free,2024-08-10
1611600,"NT$ 1,099.00",2024-08-10
1158160,NT$ 899.00,2024-08-10
1404850,NT$ 188.00,2024-08-10
2878600,NT$ 950.00,2024-08-10
1669000,"NT$ 1,398.00",2024-08-10
1985820,NT$ 759.00,2024-08-10
2849960,NT$ 488.00,2024-08-10
1868140,NT$ 350.00,2024-08-10
392160,NT$ 746.00,2024-08-10
359320,NT$ 458.00,2024-08-10
1062810,NT$ 292.00,2024-08-10
2088570,NT$ 93.00,2024-08-10
1235733,NT$ 549.00,2024-08-10
1689500,NT$ 262.00,2024-08-10
736190,NT$ 132.00,2024-08-10
233450,NT$ 192.00,2024-08-10
1063730,"NT$ 1,290.00",2024-08-10
1898300,NT$ 408.00,2024-08-10
2828160,NT$ 172.00,2024-08-10
993090,NT$ 138.00,2024-08-10
1687950,"NT$ 1,790.00",2024-08-10
1826140,NT$ 408.00,2024-08-10
1648532,NT$ 292.00,2024-08-10
2186680,NT$ 746.00,2024-08-10
2739590,NT$ 328.00,2024-08-10
1708850,NT$ 408.00,2024-08-10
307960,NT$ 186.00,2024-08-10
38420,NT$ 69.00,2024-08-10
2210,NT$ 154.00,2024-08-10
1808680,NT$ 262.00,2024-08-10
503560,NT$ 119.00,2024-08-10
1190970,NT$ 646.00,2024-08-10
1432860,NT$ 408.00,2024-08-10
1235734,NT$ 549.00,2024-08-10
400750,NT$ 566.00,2024-08-10
435150,"NT$ 1,038.00",2024-08-10
386180,Free,2024-08-10
1145360,NT$ 408.00,2024-08-10
1627720,"NT$ 1,290.00",2024-08-10
440900,NT$ 999.00,2024-08-10
1237950,NT$ 274.00,2024-08-10
594570,"NT$ 1,690.00",2024-08-10
2200,NT$ 187.00,2024-08-10
1172380,NT$ 274.00,2024-08-10
1904392,NT$ 549.00,2024-08-10
899770,NT$ 566.00,2024-08-10
805550,"NT$ 1,190.00",2024-08-10
2897760,NT$ 328.00,2024-08-10
1274570,NT$ 102.00,2024-08-10
1469610,NT$ 299.00,2024-08-10
454650,NT$ 590.00,2024-08-10
1235731,NT$ 549.00,2024-08-10
2109270,NT$ 214.00,2024-08-10
10090,NT$ 491.00,2024-08-10
1288320,NT$ 227.00,2024-08-10
1243850,NT$ 265.00,2024-08-10
2527390,"NT$ 1,560.00",2024-08-10
8870,NT$ 223.00,2024-08-10
1769533,NT$ 290.00,2024-08-10
611660,NT$ 732.00,2024-08-10
1945340,NT$ 197.00,2024-08-10
3067200,NT$ 318.00,2024-08-10
655500,NT$ 566.00,2024-08-10
1206560,NT$ 328.00,2024-08-10
1769532,NT$ 290.00,2024-08-10
2490990,"NT$ 1,790.00",2024-08-10
1769531,NT$ 290.00,2024-08-10
1769530,NT$ 290.00,2024-08-10
389730,NT$ 247.00,2024-08-10
244850,NT$ 318.00,2024-08-10
548570,NT$ 239.00,2024-08-10
729040,NT$ 326.00,2024-08-10
2427700,NT$ 214.00,2024-08-10
1238860,NT$ 164.00,2024-08-10
731490,NT$ 479.00,2024-08-10
753640,NT$ 459.00,2024-08-10
1205970,NT$ 227.00,2024-08-10
881020,"NT$ 1,180.00",2024-08-10
1190000,NT$ 403.00,2024-08-10
1351240,NT$ 323.00,2024-08-10
316410,NT$ 298.00,2024-08-10
1990600,NT$ 681.00,2024-08-10
2666510,NT$ 103.00,2024-08-10
376210,NT$ 468.00,2024-08-10
728880,NT$ 675.00,2024-08-10
1824220,NT$ 568.00,2024-08-10
1419850,NT$ 317.00,2024-08-10
2231380,"NT$ 1,699.00",2024-08-10
1056640,Free,2024-08-10
1435790,NT$ 349.00,2024-08-10
1816550,NT$ 549.00,2024-08-10
1244460,"NT$ 1,288.00",2024-08-10
2320,NT$ 119.00,2024-08-10
1607890,NT$ 268.00,2024-08-10
997010,NT$ 599.00,2024-08-10
2304440,NT$ 367.00,2024-08-10
2459550,NT$ 268.00,2024-08-10
209160,NT$ 623.00,2024-08-10
2310,NT$ 119.00,2024-08-10
588650,NT$ 698.00,2024-08-10
2186320,NT$ 103.00,2024-08-10
1929610,NT$ 308.00,2024-08-10
1476970,Free,2024-08-10
1258080,Free,2024-08-10
1148590,NT$ 59.00,2024-08-10
2881150,NT$ 943.00,2024-08-10
996580,NT$ 419.00,2024-08-10
1607250,Free,2024-08-10
835570,Free,2024-08-10
2167580,Free,2024-08-10
2078450,Free,2024-08-10
1173820,NT$ 399.00,2024-08-10
581320,NT$ 849.00,2024-08-10
2140610,NT$ 824.00,2024-08-10
2004210,NT$ 398.00,2024-08-10
1262560,NT$ 80.00,2024-08-10
1167630,NT$ 849.00,2024-08-10
10180,NT$ 491.00,2024-08-10
1643320,"NT$ 1,699.00",2024-08-10
1333350,Free,2024-08-10
1465460,NT$ 499.00,2024-08-10
1017180,NT$ 278.00,2024-08-10
1465470,NT$ 488.00,2024-08-10
871980,NT$ 347.00,2024-08-10
916440,"NT$ 1,699.00",2024-08-10
2840100,NT$ 638.00,2024-08-10
2413274,NT$ 300.00,2024-08-10
2100,NT$ 139.00,2024-08-10
1310410,NT$ 449.00,2024-08-10
1335200,Free,2024-08-10
1013320,Free,2024-08-10
245170,NT$ 37.00,2024-08-10
516750,NT$ 268.00,2024-08-10
204360,NT$ 268.00,2024-08-10
1378990,NT$ 645.00,2024-08-10
1367550,NT$ 222.00,2024-08-10
2066020,NT$ 122.00,2024-08-10
1995520,"NT$ 1,290.00",2024-08-10
2952300,NT$ 152.00,2024-08-10
2080690,NT$ 328.00,2024-08-10
1129580,NT$ 899.00,2024-08-10
1970470,NT$ 150.00,2024-08-10
1367080,Free,2024-08-10
1259980,NT$ 178.00,2024-08-10
475150,NT$ 93.00,2024-08-10
2160360,NT$ 278.00,2024-08-10
1426300,NT$ 930.00,2024-08-10
1684350,NT$ 379.00,2024-08-10
1520470,Free,2024-08-10
2708450,NT$ 188.00,2024-08-10
1149620,NT$ 229.00,2024-08-10
1217060,NT$ 318.00,2024-08-10
200210,Free,2024-08-10
2854170,NT$ 599.00,2024-08-10
965580,NT$ 134.00,2024-08-10
239140,NT$ 300.00,2024-08-10
1849250,NT$ 419.00,2024-08-10
1527950,NT$ 739.00,2024-08-10
1785150,NT$ 47.00,2024-08-10
427730,NT$ 138.00,2024-08-10
282070,NT$ 65.00,2024-08-10
1222140,NT$ 990.00,2024-08-10
365360,NT$ 349.00,2024-08-10
1495320,NT$ 488.00,2024-08-10
1601580,NT$ 670.00,2024-08-10
1637320,NT$ 298.00,2024-08-10
2513280,"NT$ 1,290.00",2024-08-10
1105420,Free,2024-08-10
17390,NT$ 134.00,2024-08-10
1712350,NT$ 566.00,2024-08-10
2510710,"NT$ 1,560.00",2024-08-10
3129990,NT$ 106.00,2024-08-10
1817190,"NT$ 1,190.00",2024-08-10
56437,NT$ 137.00,2024-08-10
620,NT$ 188.00,2024-08-10
470220,NT$ 285.00,2024-08-10
1235730,NT$ 549.00,2024-08-10
2411231,NT$ 768.00,2024-08-10
1211630,NT$ 488.00,2024-08-10
1622910,NT$ 566.00,2024-08-10
327030,NT$ 118.00,2024-08-10
1588010,"NT$ 1,790.00",2024-08-10
2975970,NT$ 539.00,2024-08-10
364360,"NT$ 1,690.00",2024-08-10
812140,"NT$ 1,699.00",2024-08-10
268500,NT$ 89.00,2024-08-10
784080,NT$ 438.00,2024-08-10
1069660,NT$ 418.00,2024-08-10
1771980,NT$ 248.00,2024-08-10
1607680,NT$ 174.00,2024-08-10
434170,NT$ 408.00,2024-08-10
1266700,NT$ 187.00,2024-08-10
391540,NT$ 278.00,2024-08-10
2311920,NT$ 768.00,2024-08-10
3060720,NT$ 750.00,2024-08-10
231430,NT$ 140.00,2024-08-10
444090,Free,2024-08-10
1331550,NT$ 375.00,2024-08-10
573090,NT$ 408.00,2024-08-10
2343790,NT$ 118.00,2024-08-10
2221490,"NT$ 1,129.00",2024-08-10
736220,NT$ 694.00,2024-08-10
637090,NT$ 254.00,2024-08-10
1235732,NT$ 549.00,2024-08-10
1041720,NT$ 224.00,2024-08-10
2197680,"NT$ 1,490.00",2024-08-10
1184370,NT$ 959.00,2024-08-10
508440,NT$ 399.00,2024-08-10
1225570,NT$ 134.00,2024-08-10
572220,NT$ 107.00,2024-08-10
667970,NT$ 688.00,2024-08-10
2671070,"NT$ 1,130.00",2024-08-10
803330,NT$ 69.00,2024-08-10
1922560,NT$ 799.00,2024-08-10
2840770,"NT$ 1,990.00",2024-08-10
1656330,NT$ 158.00,2024-08-10
824550,NT$ 557.00,2024-08-10
2919660,NT$ 138.00,2024-08-10
1043260,NT$ 134.00,2024-08-10
1273400,NT$ 566.00,2024-08-10
901583,,2024-08-10
233860,NT$ 438.00,2024-08-10
914710,NT$ 89.00,2024-08-10
2325290,Free,2024-08-10
1887840,NT$ 549.00,2024-08-10
1939970,NT$ 731.00,2024-08-10
2671060,NT$ 508.00,2024-08-10
1041320,Free,2024-08-10
1235720,NT$ 549.00,2024-08-10
1084160,NT$ 335.00,2024-08-10
1611910,NT$ 339.00,2024-08-10
1454400,NT$ 102.00,2024-08-10
287700,NT$ 990.00,2024-08-10
756800,NT$ 488.00,2024-08-10
848450,NT$ 895.00,2024-08-10
1173810,NT$ 399.00,2024-08-10
12210,NT$ 640.00,2024-08-10
1371980,NT$ 650.00,2024-08-10
47890,NT$ 539.00,2024-08-10
635260,NT$ 268.00,2024-08-10
1672970,NT$ 538.00,2024-08-10
214950,"NT$ 1,690.00",2024-08-10
2132850,NT$ 268.00,2024-08-10
815370,NT$ 132.00,2024-08-10
1062090,NT$ 408.00,2024-08-10
55150,"NT$ 1,499.00",2024-08-10
282440,NT$ 83.00,2024-08-10
681280,NT$ 75.00,2024-08-10
208650,NT$ 667.00,2024-08-10
1677280,"NT$ 1,590.00",2024-08-10
2703850,NT$ 278.00,2024-08-10
379430,NT$ 877.00,2024-08-10
209650,NT$ 623.00,2024-08-10
16900,NT$ 438.00,2024-08-10
934700,"NT$ 1,755.00",2024-08-10
975370,NT$ 488.00,2024-08-10
1235743,NT$ 377.00,2024-08-10
1610440,NT$ 385.00,2024-08-10
1235722,NT$ 549.00,2024-08-10
1621690,NT$ 328.00,2024-08-10
1118200,NT$ 186.00,2024-08-10
1283400,NT$ 139.00,2024-08-10
371970,NT$ 328.00,2024-08-10
2124490,"NT$ 1,987.00",2024-08-10
627690,Free,2024-08-10
2986400,NT$ 278.00,2024-08-10
1957780,NT$ 439.00,2024-08-10
881100,NT$ 318.00,2024-08-10
1173800,NT$ 399.00,2024-08-10
613100,NT$ 408.00,2024-08-10
552500,NT$ 570.00,2024-08-10
794260,NT$ 140.00,2024-08-10
3024580,NT$ 105.00,2024-08-10
2561440,NT$ 144.00,2024-08-10
728530,NT$ 595.00,2024-08-10
1959430,NT$ 398.00,2024-08-10
38410,NT$ 69.00,2024-08-10
24010,NT$ 488.00,2024-08-10
460930,"NT$ 1,419.00",2024-08-10
611790,NT$ 549.00,2024-08-10
600480,NT$ 122.00,2024-08-10
597820,NT$ 142.00,2024-08-10
671860,NT$ 410.00,2024-08-10
1985960,NT$ 268.00,2024-08-10
1173790,NT$ 399.00,2024-08-10
1238040,NT$ 79.00,2024-08-10
1216060,NT$ 559.00,2024-08-10
9200,NT$ 128.00,2024-08-10
1002300,NT$ 152.00,2024-08-10
981890,NT$ 258.00,2024-08-10
1256670,NT$ 750.00,2024-08-10
699130,NT$ 790.00,2024-08-10
1211020,NT$ 328.00,2024-08-10
1113410,NT$ 268.00,2024-08-10
692890,NT$ 719.00,2024-08-10
2593370,NT$ 188.00,2024-08-10
2290000,NT$ 268.00,2024-08-10
2141730,NT$ 152.00,2024-08-10
4570,NT$ 71.00,2024-08-10
493340,NT$ 958.00,2024-08-10
1223750,NT$ 254.00,2024-08-10
933110,Free,2024-08-10
1971650,"NT$ 1,790.00",2024-08-10
659540,NT$ 74.00,2024-08-10
1451190,"NT$ 1,463.00",2024-08-10
1392840,NT$ 328.00,2024-08-10
1940340,NT$ 599.00,2024-08-10
8500,Free,2024-08-10
3133990,"NT$ 1,670.00",2024-08-10
2449710,Free,2024-08-10
2825190,NT$ 840.00,2024-08-10
47810,NT$ 79.00,2024-08-10
322170,NT$ 102.00,2024-08-10
2208920,"NT$ 1,699.00",2024-08-10
2399420,"NT$ 1,007.00",2024-08-10
1249970,"NT$ 1,199.00",2024-08-10
2378500,NT$ 188.00,2024-08-10
389430,Free,2024-08-10
401920,NT$ 208.00,2024-08-10
19680,NT$ 40.00,2024-08-10
2138610,"NT$ 1,490.00",2024-08-10
2543810,NT$ 270.00,2024-08-10
38400,NT$ 69.00,2024-08-10
1730700,NT$ 197.00,2024-08-10
1721470,Free,2024-08-10
1874000,"NT$ 1,490.00",2024-08-10
1462040,"NT$ 1,990.00",2024-08-10
495420,NT$ 479.00,2024-08-10
986130,NT$ 328.00,2024-08-10
2146170,"NT$ 1,043.00",2024-08-10
1509960,NT$ 102.00,2024-08-10
1235746,NT$ 377.00,2024-08-10
2878420,NT$ 112.00,2024-08-10
755500,NT$ 129.00,2024-08-10
33230,NT$ 71.00,2024-08-10
2203070,Free,2024-08-10
109600,Free,2024-08-10
335300,"NT$ 1,190.00",2024-08-10
1954420,Free,2024-08-10
2556990,NT$ 369.00,2024-08-10
528740,Free,2024-08-10
2700340,NT$ 268.00,2024-08-10
293760,NT$ 488.00,2024-08-10
2487480,"NT$ 1,099.00",2024-08-10
2958440,NT$ 165.00,2024-08-10
1343370,Free,2024-08-10
1295920,NT$ 378.00,2024-08-10
1677740,Free,2024-08-10
505460,NT$ 438.00,2024-08-10
747660,NT$ 568.00,2024-08-10
2387380,NT$ 238.00,2024-08-10
641320,NT$ 158.00,2024-08-10
1489970,NT$ 244.00,2024-08-10
606280,NT$ 139.00,2024-08-10
2679460,"NT$ 1,890.00",2024-08-10
1238060,NT$ 107.00,2024-08-10
3051590,NT$ 188.00,2024-08-10
220200,NT$ 868.00,2024-08-10
2114740,NT$ 599.00,2024-08-10
1276760,NT$ 490.00,2024-08-10
570660,NT$ 662.00,2024-08-10
2484110,Free,2024-08-10
2934390,NT$ 188.00,2024-08-10
1235745,NT$ 377.00,2024-08-10
2072450,"NT$ 1,890.00",2024-08-10
1029690,NT$ 698.00,2024-08-10
1107320,NT$ 566.00,2024-08-10
1815780,Free,2024-08-10
1492070,NT$ 408.00,2024-08-10
438040,Free,2024-08-10
2171440,NT$ 226.00,2024-08-10
1368572,NT$ 549.00,2024-08-10
1262540,NT$ 119.00,2024-08-10
224180,NT$ 149.00,2024-08-10
714010,Free,2024-08-10
1286580,NT$ 383.00,2024-08-10
2157560,"NT$ 1,040.00",2024-08-10
115320,NT$ 309.00,2024-08-10
669330,NT$ 268.00,2024-08-10
850190,NT$ 488.00,2024-08-10
960170,NT$ 698.00,2024-08-10
593280,NT$ 89.00,2024-08-10
1295510,"NT$ 1,190.00",2024-08-10
501300,NT$ 94.00,2024-08-10
285190,NT$ 225.00,2024-08-10
1978590,NT$ 408.00,2024-08-10
1801110,NT$ 49.00,2024-08-10
779340,"NT$ 1,690.00",2024-08-10
1149640,NT$ 328.00,2024-08-10
2273430,NT$ 328.00,2024-08-10
2325830,NT$ 740.00,2024-08-10
1150690,NT$ 318.00,2024-08-10
219990,NT$ 408.00,2024-08-10
1342330,NT$ 273.00,2024-08-10
1238000,NT$ 219.00,2024-08-10
2933080,NT$ 328.00,2024-08-10
1657630,NT$ 549.00,2024-08-10
1996840,NT$ 863.00,2024-08-10
2131680,NT$ 646.00,2024-08-10
1301020,NT$ 549.00,2024-08-10
2325832,NT$ 270.00,2024-08-10
851850,"NT$ 1,490.00",2024-08-10
1574820,NT$ 328.00,2024-08-10
2076580,NT$ 176.00,2024-08-10
201870,NT$ 127.00,2024-08-10
410340,NT$ 318.00,2024-08-10
361420,NT$ 895.00,2024-08-10
604500,Free,2024-08-10
1962890,NT$ 268.00,2024-08-10
632470,NT$ 568.00,2024-08-10
585420,NT$ 378.00,2024-08-10
1032430,NT$ 378.00,2024-08-10
858820,NT$ 95.00,2024-08-10
230290,NT$ 488.00,2024-08-10
1277130,NT$ 394.00,2024-08-10
2689210,NT$ 840.00,2024-08-10
1583230,NT$ 572.00,2024-08-10
774171,NT$ 90.00,2024-08-10
1995690,NT$ 328.00,2024-08-10
2922520,NT$ 328.00,2024-08-10
1173770,NT$ 279.00,2024-08-10
341800,NT$ 268.00,2024-08-10
2183930,NT$ 508.00,2024-08-10
1938010,NT$ 599.00,2024-08-10
1073440,"NT$ 1,159.00",2024-08-10
1371580,NT$ 488.00,2024-08-10
1451940,NT$ 278.00,2024-08-10
2281730,Free,2024-08-10
1555140,NT$ 362.00,2024-08-10
1084600,NT$ 990.00,2024-08-10
2922540,NT$ 898.00,2024-08-10
1533420,NT$ 275.00,2024-08-10
555160,NT$ 378.00,2024-08-10
2322560,NT$ 150.00,2024-08-10
1465750,NT$ 398.00,2024-08-10
774801,NT$ 188.00,2024-08-10
1797880,Free,2024-08-10
1631080,"NT$ 1,800.00",2024-08-10
2891710,NT$ 270.00,2024-08-10
22300,NT$ 74.00,2024-08-10
2401970,"NT$ 1,250.00",2024-08-10
312520,NT$ 408.00,2024-08-10
509980,NT$ 379.00,2024-08-10
559650,NT$ 85.00,2024-08-10
886250,Free,2024-08-10
1076160,NT$ 539.00,2024-08-10
2718190,"NT$ 2,999.00",2024-08-10
1433140,NT$ 599.00,2024-08-10
319510,NT$ 102.00,2024-08-10
1139980,NT$ 298.00,2024-08-10
2333480,Free,2024-08-10
2991400,NT$ 214.00,2024-08-10
638230,NT$ 89.00,2024-08-10
1213210,NT$ 161.00,2024-08-10
2318310,NT$ 268.00,2024-08-10
1294810,NT$ 639.00,2024-08-10
2235020,NT$ 977.00,2024-08-10
1556100,NT$ 599.00,2024-08-10
2790660,NT$ 690.00,2024-08-10
633230,NT$ 590.00,2024-08-10
2134770,NT$ 244.00,2024-08-10
704270,NT$ 545.00,2024-08-10
1552350,NT$ 488.00,2024-08-10
1656370,NT$ 99.00,2024-08-10
1169040,NT$ 268.00,2024-08-10
3065160,NT$ 241.00,2024-08-10
3590,NT$ 148.00,2024-08-10
1214650,NT$ 244.00,2024-08-10
830450,NT$ 253.00,2024-08-10
1262580,NT$ 119.00,2024-08-10
1557740,NT$ 119.00,2024-08-10
1712840,NT$ 150.00,2024-08-10
1031500,NT$ 297.00,2024-08-10
524220,"NT$ 1,190.00",2024-08-10
871530,NT$ 95.00,2024-08-10
550470,Free,2024-08-10
1388870,NT$ 127.00,2024-08-10
48190,NT$ 101.00,2024-08-10
285900,NT$ 399.00,2024-08-10
2244130,NT$ 262.00,2024-08-10
947510,"NT$ 1,260.00",2024-08-10
1135690,NT$ 318.00,2024-08-10
1850570,"NT$ 1,190.00",2024-08-10
1547000,"NT$ 1,790.00",2024-08-10
1171690,NT$ 408.00,2024-08-10
1005300,NT$ 488.00,2024-08-10
1443200,NT$ 186.00,2024-08-10
201270,NT$ 850.00,2024-08-10
304050,Free,2024-08-10
2833600,NT$ 328.00,2024-08-10
1173780,NT$ 279.00,2024-08-10
2498570,NT$ 248.00,2024-08-10
2170970,NT$ 75.00,2024-08-10
987840,NT$ 258.00,2024-08-10
502500,"NT$ 1,290.00",2024-08-10
3025990,NT$ 330.00,2024-08-10
837470,NT$ 399.00,2024-08-10
2017080,NT$ 74.00,2024-08-10
1408610,NT$ 438.00,2024-08-10
210970,NT$ 217.00,2024-08-10
2698940,"NT$ 1,990.00",2024-08-10
1776780,NT$ 377.00,2024-08-10
1592190,NT$ 599.00,2024-08-10
1238103,NT$ 299.00,2024-08-10
42719,NT$ 321.00,2024-08-10
1259420,"NT$ 1,190.00",2024-08-10
1700,NT$ 48.00,2024-08-10
1167750,NT$ 699.00,2024-08-10
1722870,NT$ 408.00,2024-08-10
1969870,Free,2024-08-10
477160,NT$ 398.00,2024-08-10
2346550,Free,2024-08-10
1609230,NT$ 326.00,2024-08-10
872670,NT$ 328.00,2024-08-10
602960,NT$ 649.00,2024-08-10
466560,NT$ 438.00,2024-08-10
2201940,NT$ 219.00,2024-08-10
1895880,"NT$ 1,490.00",2024-08-10
2937990,NT$ 109.00,2024-08-10
588430,Free,2024-08-10
2067920,NT$ 132.00,2024-08-10
3089130,NT$ 180.00,2024-08-10
2701660,"NT$ 1,790.00",2024-08-10
356190,"NT$ 1,095.00",2024-08-10
431730,NT$ 318.00,2024-08-10
2369390,"NT$ 1,699.00",2024-08-10
1328660,NT$ 159.00,2024-08-10
1196590,"NT$ 1,120.00",2024-08-10
305620,NT$ 349.00,2024-08-10
1686940,NT$ 188.00,2024-08-10
977950,NT$ 118.00,2024-08-10
1303182,NT$ 768.00,2024-08-10
2447590,NT$ 408.00,2024-08-10
1238820,NT$ 164.00,2024-08-10
973230,NT$ 359.00,2024-08-10
552100,NT$ 310.00,2024-08-10
2384620,NT$ 746.00,2024-08-10
1071870,NT$ 80.00,2024-08-10
2289650,NT$ 162.00,2024-08-10
1089980,NT$ 149.00,2024-08-10
1850960,NT$ 488.00,2024-08-10
333640,NT$ 318.00,2024-08-10
690790,NT$ 378.00,2024-08-10
1350840,NT$ 229.00,2024-08-10
816340,NT$ 174.00,2024-08-10
1445790,NT$ 268.00,2024-08-10
7940,NT$ 327.00,2024-08-10
571740,NT$ 258.00,2024-08-10
1468810,NT$ 318.00,2024-08-10
1644320,"NT$ 1,100.00",2024-08-10
1012880,NT$ 186.00,2024-08-10
568220,NT$ 378.00,2024-08-10
2891700,NT$ 270.00,2024-08-10
2600,NT$ 327.00,2024-08-10
1292630,Free,2024-08-10
1411910,NT$ 238.00,2024-08-10
471710,Free,2024-08-10
2216830,NT$ 566.00,2024-08-10
3086490,NT$ 408.00,2024-08-10
2944160,NT$ 719.00,2024-08-10
983870,NT$ 858.00,2024-08-10
325610,"NT$ 1,268.00",2024-08-10
710920,NT$ 172.00,2024-08-10
2887680,NT$ 50.00,2024-08-10
1031510,NT$ 297.00,2024-08-10
1239080,NT$ 408.00,2024-08-10
1178830,NT$ 190.00,2024-08-10
47780,NT$ 107.00,2024-08-10
2922530,NT$ 599.00,2024-08-10
1286990,NT$ 599.00,2024-08-10
1659420,"NT$ 1,190.00",2024-08-10
1094390,NT$ 318.00,2024-08-10
1366540,NT$ 318.00,2024-08-10
2128480,NT$ 167.00,2024-08-10
2429860,NT$ 238.00,2024-08-10
2825200,"NT$ 1,400.00",2024-08-10
252530,NT$ 488.00,2024-08-10
1987080,NT$ 149.00,2024-08-10
459820,Free,2024-08-10
418370,NT$ 560.00,2024-08-10
1804460,NT$ 187.00,2024-08-10
1175380,NT$ 298.00,2024-08-10
742420,NT$ 262.00,2024-08-10
650000,NT$ 112.00,2024-08-10
239030,NT$ 188.00,2024-08-10
2736310,NT$ 249.00,2024-08-10
1543030,NT$ 400.00,2024-08-10
644930,NT$ 559.00,2024-08-10
228200,NT$ 140.00,2024-08-10
2059190,NT$ 740.00,2024-08-10
1151640,"NT$ 1,190.00",2024-08-10
47410,Free,2024-08-10
2004080,NT$ 260.00,2024-08-10
2477340,"NT$ 1,099.00",2024-08-10
552520,"NT$ 1,699.00",2024-08-10
1676840,NT$ 648.00,2024-08-10
2138710,NT$ 569.00,2024-08-10
1452490,NT$ 238.00,2024-08-10
678950,"NT$ 1,490.00",2024-08-10
500,NT$ 188.00,2024-08-10
246420,NT$ 181.00,2024-08-10
1373960,NT$ 326.00,2024-08-10
2225070,Free,2024-08-10
1487210,NT$ 319.00,2024-08-10
2750080,NT$ 560.00,2024-08-10
1227890,NT$ 318.00,2024-08-10
1458151,NT$ 377.00,2024-08-10
1162750,NT$ 408.00,2024-08-10
249130,NT$ 468.00,2024-08-10
368260,"NT$ 1,790.00",2024-08-10
1030840,"NT$ 1,190.00",2024-08-10
648350,NT$ 320.00,2024-08-10
2555190,NT$ 268.00,2024-08-10
2253310,,2024-08-10
1118240,NT$ 159.00,2024-08-10
610370,NT$ 149.00,2024-08-10
1096900,"NT$ 1,199.00",2024-08-10
824270,NT$ 186.00,2024-08-10
2790670,NT$ 690.00,2024-08-10
2440510,"NT$ 1,990.00",2024-08-10
2977890,NT$ 582.00,2024-08-10
2661270,NT$ 165.00,2024-08-10
1380070,NT$ 408.00,2024-08-10
2287520,NT$ 599.00,2024-08-10
859580,NT$ 305.00,2024-08-10
1274600,NT$ 559.00,2024-08-10
2969160,NT$ 117.00,2024-08-10
663090,Free,2024-08-10
1880650,NT$ 508.00,2024-08-10
375450,NT$ 990.00,2024-08-10
1341290,NT$ 298.00,2024-08-10
388410,NT$ 172.00,2024-08-10
2109300,NT$ 280.00,2024-08-10
2334730,NT$ 138.00,2024-08-10
2291680,NT$ 319.00,2024-08-10
2869680,NT$ 226.00,2024-08-10
2477660,NT$ 318.00,2024-08-10
1222730,NT$ 219.00,2024-08-10
1128860,NT$ 670.00,2024-08-10
1066890,NT$ 568.00,2024-08-10
2461850,"NT$ 1,388.00",2024-08-10
71340,NT$ 590.00,2024-08-10
2239150,NT$ 188.00,2024-08-10
774461,NT$ 488.00,2024-08-10
2224640,NT$ 299.00,2024-08-10
2495450,NT$ 318.00,2024-08-10
214490,NT$ 999.00,2024-08-10
2854750,NT$ 508.00,2024-08-10
1209460,NT$ 398.00,2024-08-10
780310,NT$ 488.00,2024-08-10
2674290,Free,2024-08-10
262060,NT$ 408.00,2024-08-10
1974520,NT$ 238.00,2024-08-10
2195120,NT$ 589.00,2024-08-10
2330360,NT$ 203.00,2024-08-10
424030,NT$ 849.00,2024-08-10
1001270,NT$ 298.00,2024-08-10
920210,"NT$ 1,240.00",2024-08-10
2194530,NT$ 142.00,2024-08-10
1876890,NT$ 408.00,2024-08-10
1578650,NT$ 164.00,2024-08-10
2108330,"NT$ 1,999.00",2024-08-10
2273420,NT$ 249.00,2024-08-10
458710,NT$ 195.00,2024-08-10
1812620,NT$ 152.00,2024-08-10
463530,NT$ 699.00,2024-08-10
492720,NT$ 695.00,2024-08-10
387990,NT$ 468.00,2024-08-10
1928980,NT$ 488.00,2024-08-10
323190,NT$ 488.00,2024-08-10
1159690,NT$ 488.00,2024-08-10
2298430,NT$ 270.00,2024-08-10
1942280,NT$ 102.00,2024-08-10
362960,NT$ 192.00,2024-08-10
2370570,NT$ 328.00,2024-08-10
1429500,NT$ 498.00,2024-08-10
601150,NT$ 870.00,2024-08-10
1282150,NT$ 239.00,2024-08-10
400,NT$ 188.00,2024-08-10
610180,NT$ 408.00,2024-08-10
313120,NT$ 318.00,2024-08-10
1501750,"NT$ 1,490.00",2024-08-10
2552450,"NT$ 1,790.00",2024-08-10
1110910,NT$ 65.00,2024-08-10
288470,NT$ 778.00,2024-08-10
429050,NT$ 398.00,2024-08-10
1377580,Free,2024-08-10
553420,NT$ 488.00,2024-08-10
1126320,NT$ 248.00,2024-08-10
1858630,"NT$ 1,790.00",2024-08-10
780290,NT$ 566.00,2024-08-10
2248760,NT$ 298.00,2024-08-10
1592280,NT$ 408.00,2024-08-10
2378900,NT$ 188.00,2024-08-10
2107090,NT$ 266.00,2024-08-10
332800,NT$ 152.00,2024-08-10
674940,NT$ 100.00,2024-08-10
936720,NT$ 488.00,2024-08-10
653530,NT$ 328.00,2024-08-10
2458490,NT$ 287.00,2024-08-10
2816950,NT$ 299.00,2024-08-10
736820,NT$ 268.00,2024-08-10
2499360,NT$ 199.00,2024-08-10
1621460,NT$ 377.00,2024-08-10
2851150,NT$ 328.00,2024-08-10
871540,NT$ 599.00,2024-08-10
238320,NT$ 328.00,2024-08-10
2690330,NT$ 50.00,2024-08-10
2897620,NT$ 243.00,2024-08-10
1588530,NT$ 646.00,2024-08-10
1677350,"NT$ 1,999.00",2024-08-10
1302240,NT$ 188.00,2024-08-10
1314563,NT$ 79.00,2024-08-10
2140020,NT$ 268.00,2024-08-10
2218003,NT$ 465.00,2024-08-10
246620,NT$ 398.00,2024-08-10
2695150,NT$ 388.00,2024-08-10
2014780,"NT$ 1,199.00",2024-08-10
488790,NT$ 849.00,2024-08-10
238460,NT$ 268.00,2024-08-10
1106840,NT$ 268.00,2024-08-10
219740,NT$ 186.00,2024-08-10
1753410,Free,2024-08-10
2783780,NT$ 690.00,2024-08-10
1240210,NT$ 166.00,2024-08-10
589360,NT$ 353.00,2024-08-10
1203630,NT$ 159.00,2024-08-10
1124180,NT$ 244.00,2024-08-10
2291670,NT$ 88.00,2024-08-10
1537830,Free,2024-08-10
1436700,NT$ 322.00,2024-08-10
638970,NT$ 590.00,2024-08-10
1348661,NT$ 508.00,2024-08-10
240,NT$ 188.00,2024-08-10
319630,Free,2024-08-10
2972680,NT$ 162.00,2024-08-10
1069160,NT$ 268.00,2024-08-10
1336490,NT$ 699.00,2024-08-10
1948980,NT$ 305.00,2024-08-10
2005010,NT$ 590.00,2024-08-10
10,NT$ 186.00,2024-08-10
410900,NT$ 398.00,2024-08-10
1090200,NT$ 79.00,2024-08-10
1202130,NT$ 488.00,2024-08-10
885970,NT$ 889.00,2024-08-10
1188930,NT$ 408.00,2024-08-10
24200,Free,2024-08-10
1013140,NT$ 449.00,2024-08-10
2071280,NT$ 488.00,2024-08-10
2534090,NT$ 508.00,2024-08-10
218230,Free,2024-08-10
1827180,Free,2024-08-10
1238100,NT$ 380.00,2024-08-10
1238102,NT$ 380.00,2024-08-10
1901910,NT$ 746.00,2024-08-10
2290180,"NT$ 1,129.00",2024-08-10
435881,NT$ 269.00,2024-08-10
1483870,NT$ 66.00,2024-08-10
232090,NT$ 688.00,2024-08-10
2292260,NT$ 390.00,2024-08-10
47700,NT$ 288.00,2024-08-10
1903620,NT$ 299.00,2024-08-10
412020,NT$ 877.00,2024-08-10
787480,NT$ 880.00,2024-08-10
720620,NT$ 378.00,2024-08-10
246900,NT$ 238.00,2024-08-10
425220,NT$ 129.00,2024-08-10
1180380,Free,2024-08-10
1353230,NT$ 599.00,2024-08-10
582160,"NT$ 1,699.00",2024-08-10
1983260,NT$ 648.00,2024-08-10
811320,NT$ 113.00,2024-08-10
967050,NT$ 102.00,2024-08-10
55230,NT$ 102.00,2024-08-10
242050,"NT$ 1,129.00",2024-08-10
919640,"NT$ 1,099.00",2024-08-10
593380,"NT$ 1,268.00",2024-08-10
645402,NT$ 895.00,2024-08-10
636480,NT$ 298.00,2024-08-10
719890,NT$ 318.00,2024-08-10
1056760,NT$ 398.00,2024-08-10
489630,NT$ 599.00,2024-08-10
17440,NT$ 134.00,2024-08-10
203770,Free,2024-08-10
2015240,NT$ 188.00,2024-08-10
1255560,NT$ 488.00,2024-08-10
1066780,NT$ 599.00,2024-08-10
1170950,NT$ 568.00,2024-08-10
1885110,NT$ 408.00,2024-08-10
823500,NT$ 488.00,2024-08-10
1641700,NT$ 449.00,2024-08-10
2632050,"NT$ 1,019.00",2024-08-10
24810,NT$ 288.00,2024-08-10
451340,NT$ 79.00,2024-08-10
2106840,NT$ 354.00,2024-08-10
1127500,NT$ 186.00,2024-08-10
1444480,NT$ 318.00,2024-08-10
702320,Free,2024-08-10
2515990,NT$ 226.00,2024-08-10
2739980,NT$ 102.00,2024-08-10
2009100,NT$ 479.00,2024-08-10
1201240,Free,2024-08-10
1090150,NT$ 79.00,2024-08-10
746850,NT$ 114.00,2024-08-10
1350650,NT$ 248.00,2024-08-10
1262350,NT$ 318.00,2024-08-10
2982320,NT$ 790.00,2024-08-10
2593750,"NT$ 1,050.00",2024-08-10
1267910,NT$ 188.00,2024-08-10
2944150,NT$ 719.00,2024-08-10
2102730,NT$ 226.00,2024-08-10
788100,NT$ 122.00,2024-08-10
1265920,NT$ 990.00,2024-08-10
2655960,NT$ 268.00,2024-08-10
2891170,NT$ 240.00,2024-08-10
2360,NT$ 44.00,2024-08-10
2078350,NT$ 299.00,2024-08-10
1097430,Free,2024-08-10
2096030,NT$ 222.00,2024-08-10
572890,NT$ 59.00,2024-08-10
1682970,NT$ 268.00,2024-08-10
1324780,NT$ 179.00,2024-08-10
1062520,NT$ 318.00,2024-08-10
1332720,NT$ 328.00,2024-08-10
1974050,Free,2024-08-10
24790,NT$ 288.00,2024-08-10
2622000,Free,2024-08-10
562810,NT$ 425.00,2024-08-10
2974330,"NT$ 1,790.00",2024-08-10
266840,NT$ 688.00,2024-08-10
2384074,NT$ 176.00,2024-08-10
2093010,NT$ 172.00,2024-08-10
1268750,NT$ 488.00,2024-08-10
1007040,NT$ 858.00,2024-08-10
763890,NT$ 378.00,2024-08-10
2313540,NT$ 328.00,2024-08-10
865360,NT$ 238.00,2024-08-10
383980,NT$ 488.00,2024-08-10
383870,NT$ 328.00,2024-08-10
504230,NT$ 328.00,2024-08-10
684630,NT$ 270.00,2024-08-10
1622100,NT$ 299.00,2024-08-10
1262572,NT$ 263.00,2024-08-10
2169090,NT$ 59.00,2024-08-10
2450700,NT$ 226.00,2024-08-10
443110,Free,2024-08-10
2209650,NT$ 270.00,2024-08-10
2141580,NT$ 499.00,2024-08-10
1566390,NT$ 244.00,2024-08-10
544810,Free,2024-08-10
1785650,"NT$ 1,790.00",2024-08-10
2212330,NT$ 102.00,2024-08-10
1534980,NT$ 328.00,2024-08-10
2113850,NT$ 200.00,2024-08-10
1924480,NT$ 249.00,2024-08-10
24720,NT$ 134.00,2024-08-10
289650,NT$ 849.00,2024-08-10
1210320,NT$ 328.00,2024-08-10
606150,NT$ 47.00,2024-08-10
961200,Free,2024-08-10
1238104,NT$ 380.00,2024-08-10
2418520,NT$ 328.00,2024-08-10
597180,NT$ 999.00,2024-08-10
2069310,"NT$ 3,297.00",2024-08-10
17480,NT$ 288.00,2024-08-10
1634040,NT$ 226.00,2024-08-10
1419170,Free,2024-08-10
925580,NT$ 398.00,2024-08-10
450540,NT$ 468.00,2024-08-10
15100,NT$ 71.00,2024-08-10
433340,NT$ 399.00,2024-08-10
4500,NT$ 468.00,2024-08-10
424840,NT$ 590.00,2024-08-10
2366120,Free,2024-08-10
2060160,NT$ 138.00,2024-08-10
2008610,NT$ 863.00,2024-08-10
2439510,Free,2024-08-10
17470,NT$ 215.00,2024-08-10
1235740,NT$ 377.00,2024-08-10
322190,NT$ 67.00,2024-08-10
2090810,NT$ 289.00,2024-08-10
206480,Free,2024-08-10
2350410,NT$ 328.00,2024-08-10
2857890,Free,2024-08-10
1784570,NT$ 119.00,2024-08-10
782670,Free,2024-08-10
732690,NT$ 438.00,2024-08-10
2008920,NT$ 459.00,2024-08-10
1343240,NT$ 224.00,2024-08-10
2216660,NT$ 169.00,2024-08-10
359870,NT$ 688.00,2024-08-10
1823802,NT$ 445.00,2024-08-10
1245560,NT$ 600.00,2024-08-10
2313550,NT$ 40.00,2024-08-10
2923390,NT$ 178.00,2024-08-10
2692400,NT$ 428.00,2024-08-10
2692440,Free,2024-08-10
1262600,NT$ 107.00,2024-08-10
2356560,NT$ 940.00,2024-08-10
1651560,NT$ 596.00,2024-08-10
1371720,NT$ 164.00,2024-08-10
349040,NT$ 590.00,2024-08-10
969990,NT$ 174.00,2024-08-10
1266540,NT$ 408.00,2024-08-10
2786680,NT$ 172.00,2024-08-10
2695220,NT$ 82.00,2024-08-10
1705180,NT$ 438.00,2024-08-10
1097840,NT$ 788.00,2024-08-10
1336350,NT$ 378.00,2024-08-10
1829590,NT$ 188.00,2024-08-10
2421410,NT$ 250.00,2024-08-10
629760,NT$ 488.00,2024-08-10
2231450,NT$ 328.00,2024-08-10
1525700,NT$ 134.00,2024-08-10
1536090,NT$ 328.00,2024-08-10
2672570,NT$ 268.00,2024-08-10
740130,"NT$ 1,190.00",2024-08-10
1870300,Free,2024-08-10
1016950,NT$ 249.00,2024-08-10
704450,NT$ 328.00,2024-08-10
872410,"NT$ 1,790.00",2024-08-10
531130,NT$ 398.00,2024-08-10
926990,NT$ 328.00,2024-08-10
1722860,NT$ 201.00,2024-08-10
2109460,NT$ 70.00,2024-08-10
1063420,NT$ 610.00,2024-08-10
2224460,NT$ 840.00,2024-08-10
921570,"NT$ 1,950.00",2024-08-10
1811080,NT$ 270.00,2024-08-10
1927720,NT$ 68.00,2024-08-10
2833100,NT$ 98.00,2024-08-10
1196310,NT$ 328.00,2024-08-10
2024410,NT$ 470.00,2024-08-10
362890,NT$ 328.00,2024-08-10
1931770,NT$ 549.00,2024-08-10
860510,NT$ 790.00,2024-08-10
42718,NT$ 321.00,2024-08-10
1209471,NT$ 270.00,2024-08-10
1337520,NT$ 268.00,2024-08-10
1129540,NT$ 319.00,2024-08-10
2441570,"NT$ 1,500.00",2024-08-10
2230760,NT$ 40.00,2024-08-10
65800,NT$ 268.00,2024-08-10
235600,NT$ 142.00,2024-08-10
1368820,NT$ 318.00,2024-08-10
835960,NT$ 488.00,2024-08-10
2732960,NT$ 288.00,2024-08-10
1493640,"NT$ 1,390.00",2024-08-10
2229830,NT$ 288.00,2024-08-10
1272320,NT$ 378.00,2024-08-10
2229870,NT$ 288.00,2024-08-10
2229890,NT$ 288.00,2024-08-10
2229840,NT$ 288.00,2024-08-10
1919590,"NT$ 1,790.00",2024-08-10
2229850,NT$ 288.00,2024-08-10
2229880,NT$ 288.00,2024-08-10
1295500,NT$ 599.00,2024-08-10
42716,NT$ 321.00,2024-08-10
1235742,NT$ 377.00,2024-08-10
3019370,NT$ 52.00,2024-08-10
1677310,NT$ 328.00,2024-08-10
223850,NT$ 566.00,2024-08-10
2484250,Free,2024-08-10
1113000,NT$ 590.00,2024-08-10
311690,NT$ 268.00,2024-08-10
1012790,NT$ 488.00,2024-08-10
240720,NT$ 152.00,2024-08-10
1853760,NT$ 246.00,2024-08-10
1658150,NT$ 328.00,2024-08-10
346010,NT$ 268.00,2024-08-10
1670430,NT$ 238.00,2024-08-10
1581770,NT$ 244.00,2024-08-10
1522820,NT$ 438.00,2024-08-10
1571200,Free,2024-08-10
388090,NT$ 152.00,2024-08-10
900040,NT$ 230.00,2024-08-10
2314160,NT$ 238.00,2024-08-10
304212,NT$ 398.00,2024-08-10
751630,NT$ 195.00,2024-08-10
2103470,NT$ 408.00,2024-08-10
2101430,NT$ 188.00,2024-08-10
2515070,NT$ 662.00,2024-08-10
1238080,NT$ 107.00,2024-08-10
1356280,NT$ 49.00,2024-08-10
1811990,NT$ 328.00,2024-08-10
1817490,NT$ 186.00,2024-08-10
558244,NT$ 398.00,2024-08-10
2115390,NT$ 188.00,2024-08-10
861650,NT$ 568.00,2024-08-10
2814240,NT$ 590.00,2024-08-10
1044720,NT$ 488.00,2024-08-10
1201270,NT$ 196.00,2024-08-10
761830,NT$ 101.00,2024-08-10
1227700,NT$ 699.00,2024-08-10
3122150,NT$ 100.00,2024-08-10
1235747,NT$ 377.00,2024-08-10
2850100,NT$ 159.00,2024-08-10
1173220,NT$ 317.00,2024-08-10
366849,NT$ 205.00,2024-08-10
1128810,Free,2024-08-10
3062480,NT$ 229.00,2024-08-10
493490,NT$ 791.00,2024-08-10
1996010,NT$ 328.00,2024-08-10
784950,Free,2024-08-10
220,NT$ 188.00,2024-08-10
1818280,NT$ 117.00,2024-08-10
2118560,NT$ 359.00,2024-08-10
1566690,NT$ 408.00,2024-08-10
1584090,NT$ 170.00,2024-08-10
2401860,NT$ 568.00,2024-08-10
2026000,NT$ 268.00,2024-08-10
1057090,NT$ 438.00,2024-08-10
2951340,NT$ 159.00,2024-08-10
787860,NT$ 514.00,2024-08-10
887380,NT$ 306.00,2024-08-10
1585220,NT$ 268.00,2024-08-10
234140,NT$ 667.00,2024-08-10
2100160,NT$ 238.00,2024-08-10
1844380,NT$ 198.00,2024-08-10
3040390,NT$ 82.00,2024-08-10
1540210,NT$ 990.00,2024-08-10
512540,NT$ 306.00,2024-08-10
2365810,NT$ 118.00,2024-08-10
1638230,NT$ 179.00,2024-08-10
2083210,NT$ 178.00,2024-08-10
1926590,NT$ 518.00,2024-08-10
343780,NT$ 208.00,2024-08-10
2218930,NT$ 298.00,2024-08-10
427100,NT$ 800.00,2024-08-10
708770,NT$ 306.00,2024-08-10
2053940,NT$ 202.00,2024-08-10
1875060,NT$ 408.00,2024-08-10
1325200,"NT$ 1,490.00",2024-08-10
242550,NT$ 113.00,2024-08-10
464920,NT$ 768.00,2024-08-10
2363800,NT$ 98.00,2024-08-10
1905950,Free,2024-08-10
1280930,NT$ 378.00,2024-08-10
298110,NT$ 849.00,2024-08-10
2230110,NT$ 799.00,2024-08-10
637650,"NT$ 1,490.00",2024-08-10
1009850,NT$ 152.00,2024-08-10
2923820,NT$ 278.00,2024-08-10
236110,Free,2024-08-10
1361280,NT$ 319.00,2024-08-10
1404210,NT$ 295.00,2024-08-10
1235741,NT$ 377.00,2024-08-10
2384073,NT$ 165.00,2024-08-10
1415692,NT$ 270.00,2024-08-10
1669980,NT$ 178.00,2024-08-10
578650,NT$ 890.00,2024-08-10
1182900,"NT$ 1,390.00",2024-08-10
1385380,NT$ 508.00,2024-08-10
314650,NT$ 480.00,2024-08-10
213610,NT$ 295.00,2024-08-10
24800,NT$ 288.00,2024-08-10
32470,NT$ 328.00,2024-08-10
569480,NT$ 268.00,2024-08-10
618140,NT$ 75.00,2024-08-10
1622900,NT$ 429.00,2024-08-10
1522160,NT$ 898.00,2024-08-10
1191120,NT$ 160.00,2024-08-10
1614440,NT$ 590.00,2024-08-10
2726870,NT$ 91.00,2024-08-10
70,NT$ 186.00,2024-08-10
1015160,NT$ 270.00,2024-08-10
65540,NT$ 69.00,2024-08-10
1703340,NT$ 378.00,2024-08-10
2555420,NT$ 398.00,2024-08-10
4700,NT$ 705.00,2024-08-10
10150,NT$ 163.00,2024-08-10
978300,NT$ 175.00,2024-08-10
2096600,NT$ 197.00,2024-08-10
204100,NT$ 590.00,2024-08-10
800370,NT$ 270.00,2024-08-10
1096530,NT$ 488.00,2024-08-10
1677110,NT$ 408.00,2024-08-10
2640,NT$ 491.00,2024-08-10
1683150,NT$ 488.00,2024-08-10
1216710,NT$ 131.00,2024-08-10
794800,NT$ 91.00,2024-08-10
2473420,NT$ 199.00,2024-08-10
830461,NT$ 253.00,2024-08-10
2450010,NT$ 764.00,2024-08-10
594330,NT$ 498.00,2024-08-10
404430,NT$ 138.00,2024-08-10
253230,NT$ 688.00,2024-08-10
1020790,"NT$ 1,790.00",2024-08-10
2019810,NT$ 214.00,2024-08-10
2922730,NT$ 420.00,2024-08-10
2164240,NT$ 817.00,2024-08-10
1104880,NT$ 270.00,2024-08-10
1761390,"NT$ 1,090.00",2024-08-10
3115280,NT$ 169.00,2024-08-10
357190,NT$ 820.00,2024-08-10
1910600,NT$ 215.00,2024-08-10
1515210,NT$ 118.00,2024-08-10
2321860,NT$ 214.00,2024-08-10
2068280,NT$ 136.00,2024-08-10
1546400,NT$ 306.00,2024-08-10
2076140,NT$ 298.00,2024-08-10
774361,NT$ 675.00,2024-08-10
2081400,NT$ 511.00,2024-08-10
2052410,NT$ 898.00,2024-08-10
2725260,NT$ 328.00,2024-08-10
1231990,NT$ 328.00,2024-08-10
373420,NT$ 868.00,2024-08-10
527230,NT$ 318.00,2024-08-10
1144400,NT$ 498.00,2024-08-10
228280,NT$ 328.00,2024-08-10
1235766,NT$ 188.00,2024-08-10
1158100,NT$ 508.00,2024-08-10
1824060,NT$ 485.00,2024-08-10
1150440,"NT$ 1,099.00",2024-08-10
2111190,NT$ 315.00,2024-08-10
2187220,"NT$ 1,560.00",2024-08-10
768200,NT$ 566.00,2024-08-10
1817800,NT$ 488.00,2024-08-10
2096610,NT$ 438.00,2024-08-10
2011780,NT$ 230.00,2024-08-10
1455630,NT$ 229.00,2024-08-10
870780,"NT$ 1,190.00",2024-08-10
2111630,NT$ 949.00,2024-08-10
1135280,NT$ 226.00,2024-08-10
1468720,NT$ 318.00,2024-08-10
1675830,NT$ 328.00,2024-08-10
790710,Free,2024-08-10
1235744,NT$ 377.00,2024-08-10
1286320,"NT$ 1,850.00",2024-08-10
2740000,NT$ 90.00,2024-08-10
2168680,NT$ 298.00,2024-08-10
1205950,NT$ 254.00,2024-08-10
2404370,NT$ 503.00,2024-08-10
601050,"NT$ 1,190.00",2024-08-10
221040,NT$ 630.00,2024-08-10
2553870,NT$ 268.00,2024-08-10
777130,Free,2024-08-10
750920,NT$ 982.00,2024-08-10
606971,NT$ 30.00,2024-08-10
1209470,NT$ 270.00,2024-08-10
2578880,NT$ 180.00,2024-08-10
1772830,NT$ 196.00,2024-08-10
646910,"NT$ 1,419.00",2024-08-10
3079070,NT$ 159.00,2024-08-10
523660,NT$ 625.00,2024-08-10
1380910,NT$ 808.00,2024-08-10
347990,NT$ 138.00,2024-08-10
1117850,NT$ 185.00,2024-08-10
420490,NT$ 825.00,2024-08-10
2480200,NT$ 268.00,2024-08-10
2630,NT$ 491.00,2024-08-10
1902690,"NT$ 1,990.00",2024-08-10
2076010,"NT$ 1,615.00",2024-08-10
282800,NT$ 34.00,2024-08-10
2380030,NT$ 388.00,2024-08-10
1927740,NT$ 68.00,2024-08-10
1850740,NT$ 268.00,2024-08-10
1147560,NT$ 318.00,2024-08-10
1097580,NT$ 568.00,2024-08-10
2204750,NT$ 178.00,2024-08-10
2598510,NT$ 188.00,2024-08-10
2903960,NT$ 298.00,2024-08-10
2943280,NT$ 152.00,2024-08-10
2516570,Free,2024-08-10
1702010,NT$ 488.00,2024-08-10
2161440,NT$ 265.00,2024-08-10
1235761,NT$ 188.00,2024-08-10
391220,NT$ 740.00,2024-08-10
3086480,NT$ 408.00,2024-08-10
2389120,Free,2024-08-10
1619750,NT$ 438.00,2024-08-10
866800,NT$ 328.00,2024-08-10
1253920,NT$ 408.00,2024-08-10
868360,NT$ 408.00,2024-08-10
541570,NT$ 66.00,2024-08-10
821880,NT$ 190.00,2024-08-10
1135230,NT$ 328.00,2024-08-10
701160,NT$ 328.00,2024-08-10
3054610,NT$ 172.00,2024-08-10
21690,NT$ 630.00,2024-08-10
2837730,NT$ 281.00,2024-08-10
1324130,NT$ 748.00,2024-08-10
814000,"NT$ 1,390.00",2024-08-10
2304400,NT$ 215.00,2024-08-10
1361510,NT$ 378.00,2024-08-10
207610,NT$ 268.00,2024-08-10
1040230,NT$ 79.00,2024-08-10
589290,NT$ 328.00,2024-08-10
602320,NT$ 93.00,2024-08-10
751440,"NT$ 1,198.00",2024-08-10
2109370,NT$ 224.00,2024-08-10
1477590,NT$ 670.00,2024-08-10
2455140,NT$ 238.00,2024-08-10
1832040,NT$ 599.00,2024-08-10
50620,,2024-08-10
2139840,NT$ 227.00,2024-08-10
1235140,NT$ 590.00,2024-08-10
609320,NT$ 40.00,2024-08-10
1815570,NT$ 111.00,2024-08-10
1353060,NT$ 186.00,2024-08-10
354140,NT$ 152.00,2024-08-10
641990,NT$ 490.00,2024-08-10
621060,NT$ 328.00,2024-08-10
1880360,"NT$ 1,120.00",2024-08-10
1328350,NT$ 264.00,2024-08-10
2471100,Free,2024-08-10
2384550,NT$ 328.00,2024-08-10
200510,NT$ 298.00,2024-08-10
977400,Free,2024-08-10
1649950,NT$ 328.00,2024-08-10
736260,NT$ 268.00,2024-08-10
1520620,NT$ 268.00,2024-08-10
976310,NT$ 890.00,2024-08-10
326460,NT$ 188.00,2024-08-10
329110,Free,2024-08-10
2421890,NT$ 234.00,2024-08-10
3073420,NT$ 102.00,2024-08-10
440820,NT$ 118.00,2024-08-10
1270580,NT$ 378.00,2024-08-10
1931690,NT$ 475.00,2024-08-10
227310,NT$ 220.00,2024-08-10
1840080,"NT$ 1,599.00",2024-08-10
469600,NT$ 499.00,2024-08-10
2700610,NT$ 398.00,2024-08-10
337320,NT$ 328.00,2024-08-10
799600,NT$ 399.00,2024-08-10
1578390,NT$ 408.00,2024-08-10
544550,NT$ 566.00,2024-08-10
418530,NT$ 318.00,2024-08-10
2839280,"NT$ 1,290.00",2024-08-10
1059990,NT$ 268.00,2024-08-10
1244090,NT$ 566.00,2024-08-10
2534810,NT$ 690.00,2024-08-10
567640,"NT$ 1,090.00",2024-08-10
3085820,NT$ 102.00,2024-08-10
1613280,NT$ 538.00,2024-08-10
2296990,NT$ 82.00,2024-08-10
599140,NT$ 328.00,2024-08-10
1650010,"NT$ 1,790.00",2024-08-10
2511500,NT$ 670.00,2024-08-10
1850510,"NT$ 1,790.00",2024-08-10
2827610,NT$ 408.00,2024-08-10
2289298,"NT$ 1,390.00",2024-08-10
490650,NT$ 149.00,2024-08-10
1299170,NT$ 408.00,2024-08-10
3012420,NT$ 168.00,2024-08-10
1829591,NT$ 188.00,2024-08-10
581450,NT$ 950.00,2024-08-10
1954200,NT$ 568.00,2024-08-10
2897580,Free,2024-08-10
1281880,NT$ 170.00,2024-08-10
815460,NT$ 508.00,2024-08-10
2091330,NT$ 349.00,2024-08-10
1958220,NT$ 780.00,2024-08-10
801860,NT$ 88.00,2024-08-10
3030370,NT$ 328.00,2024-08-10
2676160,NT$ 262.00,2024-08-10
2430400,NT$ 138.00,2024-08-10
2653790,NT$ 82.00,2024-08-10
580731,NT$ 23.00,2024-08-10
1000360,NT$ 288.00,2024-08-10
1567020,NT$ 990.00,2024-08-10
1605220,NT$ 566.00,2024-08-10
2649970,NT$ 268.00,2024-08-10
2809180,NT$ 268.00,2024-08-10
483980,NT$ 93.00,2024-08-10
867210,NT$ 566.00,2024-08-10
1996770,NT$ 390.00,2024-08-10
1775490,NT$ 172.00,2024-08-10
1571440,NT$ 81.00,2024-08-10
342200,Free,2024-08-10
2620,NT$ 327.00,2024-08-10
1127400,NT$ 186.00,2024-08-10
2085370,NT$ 735.00,2024-08-10
2944170,"NT$ 1,149.00",2024-08-10
244450,NT$ 488.00,2024-08-10
1283090,NT$ 50.00,2024-08-10
1368571,NT$ 188.00,2024-08-10
2719200,"NT$ 1,590.00",2024-08-10
236430,"NT$ 1,080.00",2024-08-10
394510,NT$ 570.00,2024-08-10
1718570,NT$ 378.00,2024-08-10
2303350,NT$ 188.00,2024-08-10
895870,NT$ 378.00,2024-08-10
979640,NT$ 262.00,2024-08-10
1911520,NT$ 298.00,2024-08-10
332950,Free,2024-08-10
2727400,NT$ 215.00,2024-08-10
2009350,NT$ 288.00,2024-08-10
1388880,NT$ 352.00,2024-08-10
1448440,"NT$ 1,790.00",2024-08-10
1248080,NT$ 870.00,2024-08-10
1151450,NT$ 324.00,2024-08-10
1485180,"NT$ 1,050.00",2024-08-10
2518950,"NT$ 2,573.00",2024-08-10
925950,NT$ 81.00,2024-08-10
2790990,NT$ 248.00,2024-08-10
534331,NT$ 528.00,2024-08-10
918570,Free,2024-08-10
2656010,NT$ 105.00,2024-08-10
1748620,NT$ 268.00,2024-08-10
1203180,NT$ 318.00,2024-08-10
297000,NT$ 425.00,2024-08-10
411950,"NT$ 2,560.00",2024-08-10
1521580,NT$ 186.00,2024-08-10
2687230,NT$ 488.00,2024-08-10
397460,NT$ 408.00,2024-08-10
2099110,NT$ 188.00,2024-08-10
770810,NT$ 188.00,2024-08-10
1233570,NT$ 134.00,2024-08-10
1260820,NT$ 408.00,2024-08-10
1296610,NT$ 318.00,2024-08-10
2328760,Free,2024-08-10
1850160,NT$ 328.00,2024-08-10
2075070,NT$ 118.00,2024-08-10
2494350,NT$ 599.00,2024-08-10
1948280,NT$ 178.00,2024-08-10
1372110,"NT$ 1,390.00",2024-08-10
1641960,NT$ 488.00,2024-08-10
2200580,NT$ 317.00,2024-08-10
2693930,NT$ 238.00,2024-08-10
453480,Free,2024-08-10
1921480,NT$ 408.00,2024-08-10
1028310,NT$ 408.00,2024-08-10
1674170,NT$ 318.00,2024-08-10
1408230,NT$ 268.00,2024-08-10
1535220,NT$ 408.00,2024-08-10
1498570,"NT$ 1,790.00",2024-08-10
588030,NT$ 599.00,2024-08-10
1990040,NT$ 268.00,2024-08-10
2853840,NT$ 141.00,2024-08-10
647830,NT$ 350.00,2024-08-10
1003590,NT$ 568.00,2024-08-10
2919400,"NT$ 1,290.00",2024-08-10
2993420,NT$ 40.00,2024-08-10
2901140,Free,2024-08-10
741350,NT$ 93.00,2024-08-10
1658280,NT$ 746.00,2024-08-10
394690,NT$ 328.00,2024-08-10
1353300,Free,2024-08-10
1068820,NT$ 226.00,2024-08-10
245390,NT$ 124.00,2024-08-10
977510,NT$ 246.00,2024-08-10
595520,"NT$ 1,490.00",2024-08-10
427190,NT$ 320.00,2024-08-10
2686900,NT$ 187.00,2024-08-10
209000,NT$ 468.00,2024-08-10
526060,NT$ 102.00,2024-08-10
2812820,NT$ 81.00,2024-08-10
253710,Free,2024-08-10
2700600,NT$ 298.00,2024-08-10
1494810,NT$ 328.00,2024-08-10
211820,NT$ 268.00,2024-08-10
1928420,Free,2024-08-10
2331330,NT$ 499.00,2024-08-10
1624060,NT$ 262.00,2024-08-10
1489630,NT$ 488.00,2024-08-10
617290,NT$ 568.00,2024-08-10
814370,NT$ 197.00,2024-08-10
530711,NT$ 165.00,2024-08-10
613830,NT$ 440.00,2024-08-10
1782120,NT$ 328.00,2024-08-10
2529080,NT$ 188.00,2024-08-10
1325260,NT$ 328.00,2024-08-10
2522850,NT$ 295.00,2024-08-10
491540,NT$ 566.00,2024-08-10
413420,NT$ 468.00,2024-08-10
1970580,NT$ 328.00,2024-08-10
617830,NT$ 399.00,2024-08-10
898590,Free,2024-08-10
1812420,NT$ 71.00,2024-08-10
2315421,"NT$ 2,199.00",2024-08-10
3044430,NT$ 124.00,2024-08-10
395180,NT$ 749.00,2024-08-10
2442380,NT$ 690.00,2024-08-10
642280,NT$ 298.00,2024-08-10
2738380,NT$ 268.00,2024-08-10
1944430,NT$ 408.00,2024-08-10
243470,NT$ 569.00,2024-08-10
1283091,NT$ 50.00,2024-08-10
2600880,NT$ 257.00,2024-08-10
2977880,NT$ 289.00,2024-08-10
331600,NT$ 238.00,2024-08-10
423630,NT$ 138.00,2024-08-10
1677770,NT$ 299.00,2024-08-10
1530640,NT$ 50.00,2024-08-10
2015270,NT$ 198.00,2024-08-10
2782050,NT$ 268.00,2024-08-10
331670,NT$ 408.00,2024-08-10
2654470,NT$ 408.00,2024-08-10
2447000,NT$ 268.00,2024-08-10
1755580,NT$ 328.00,2024-08-10
668580,"NT$ 1,590.00",2024-08-10
571310,NT$ 63.00,2024-08-10
2131650,NT$ 646.00,2024-08-10
2363740,NT$ 799.00,2024-08-10
2914120,NT$ 102.00,2024-08-10
1812410,NT$ 71.00,2024-08-10
1307710,NT$ 399.00,2024-08-10
924970,"NT$ 1,490.00",2024-08-10
2646130,NT$ 102.00,2024-08-10
382110,NT$ 268.00,2024-08-10
1017900,NT$ 479.00,2024-08-10
2470300,NT$ 298.00,2024-08-10
972660,NT$ 488.00,2024-08-10
1574240,NT$ 318.00,2024-08-10
1585570,NT$ 91.00,2024-08-10
2701860,NT$ 102.00,2024-08-10
1357210,NT$ 746.00,2024-08-10
1490890,"NT$ 1,690.00",2024-08-10
3011560,NT$ 44.00,2024-08-10
312530,NT$ 238.00,2024-08-10
1933030,NT$ 55.00,2024-08-10
536220,NT$ 268.00,2024-08-10
597170,NT$ 318.00,2024-08-10
234330,Free,2024-08-10
1166860,NT$ 599.00,2024-08-10
532210,Free,2024-08-10
2200780,NT$ 118.00,2024-08-10
1254120,Free,2024-08-10
2140650,NT$ 746.00,2024-08-10
261030,NT$ 268.00,2024-08-10
1493470,NT$ 129.00,2024-08-10
2688650,NT$ 188.00,2024-08-10
1501690,NT$ 201.00,2024-08-10
952060,"NT$ 1,120.00",2024-08-10
2238900,"NT$ 1,490.00",2024-08-10
2855420,NT$ 259.00,2024-08-10
605740,NT$ 378.00,2024-08-10
1335790,NT$ 416.00,2024-08-10
1179080,NT$ 268.00,2024-08-10
2429350,NT$ 102.00,2024-08-10
2652500,NT$ 187.00,2024-08-10
1215820,NT$ 318.00,2024-08-10
1455840,NT$ 248.00,2024-08-10
362620,NT$ 375.00,2024-08-10
377840,NT$ 568.00,2024-08-10
405310,"NT$ 1,605.00",2024-08-10
675590,NT$ 138.00,2024-08-10
2819520,Free,2024-08-10
2857880,NT$ 255.00,2024-08-10
830460,NT$ 253.00,2024-08-10
2818260,NT$ 448.00,2024-08-10
261570,,2024-08-10
2116120,NT$ 288.00,2024-08-10
2015620,NT$ 262.00,2024-08-10
1116540,NT$ 408.00,2024-08-10
2068342,NT$ 450.00,2024-08-10
1338770,NT$ 699.00,2024-08-10
34030,NT$ 705.00,2024-08-10
531510,NT$ 349.00,2024-08-10
32440,NT$ 328.00,2024-08-10
2027330,NT$ 152.00,2024-08-10
1236720,NT$ 408.00,2024-08-10
2780800,NT$ 112.00,2024-08-10
1309610,NT$ 318.00,2024-08-10
1715130,NT$ 438.00,2024-08-10
2593910,NT$ 249.00,2024-08-10
1474700,Free,2024-08-10
2506160,NT$ 188.00,2024-08-10
312660,"NT$ 1,248.00",2024-08-10
1916310,NT$ 139.00,2024-08-10
2139991,NT$ 226.00,2024-08-10
1757490,NT$ 126.00,2024-08-10
220240,NT$ 569.00,2024-08-10
1594320,NT$ 489.00,2024-08-10
1294760,NT$ 262.00,2024-08-10
315210,"NT$ 1,990.00",2024-08-10
2659960,NT$ 214.00,2024-08-10
1201540,NT$ 408.00,2024-08-10
1849900,NT$ 119.00,2024-08-10
1149440,NT$ 284.00,2024-08-10
251150,NT$ 468.00,2024-08-10
206420,NT$ 146.00,2024-08-10
442120,Free,2024-08-10
10500,NT$ 705.00,2024-08-10
1797340,NT$ 50.00,2024-08-10
718670,NT$ 318.00,2024-08-10
1284410,Free,2024-08-10
629820,NT$ 568.00,2024-08-10
1238880,NT$ 164.00,2024-08-10
2719160,NT$ 328.00,2024-08-10
2013360,NT$ 580.00,2024-08-10
460950,NT$ 268.00,2024-08-10
217200,NT$ 79.00,2024-08-10
1571340,NT$ 599.00,2024-08-10
1586100,NT$ 130.00,2024-08-10
2981590,NT$ 198.00,2024-08-10
2477010,NT$ 199.00,2024-08-10
2282100,NT$ 388.00,2024-08-10
1649080,NT$ 999.00,2024-08-10
985830,NT$ 408.00,2024-08-10
481090,NT$ 25.00,2024-08-10
2551020,Free,2024-08-10
2947560,NT$ 279.00,2024-08-10
1178490,NT$ 238.00,2024-08-10
897670,NT$ 278.00,2024-08-10
512900,NT$ 328.00,2024-08-10
1237320,"NT$ 1,290.00",2024-08-10
1520370,NT$ 278.00,2024-08-10
677160,NT$ 188.00,2024-08-10
2639100,NT$ 268.00,2024-08-10
362680,NT$ 398.00,2024-08-10
1284470,NT$ 269.00,2024-08-10
2981410,NT$ 328.00,2024-08-10
1492680,NT$ 169.00,2024-08-10
311260,NT$ 227.00,2024-08-10
493190,NT$ 138.00,2024-08-10
567990,NT$ 226.00,2024-08-10
1562700,NT$ 268.00,2024-08-10
204880,NT$ 599.00,2024-08-10
2676840,NT$ 138.00,2024-08-10
2985930,NT$ 118.00,2024-08-10
2674590,NT$ 138.00,2024-08-10
2416190,NT$ 241.00,2024-08-10
1933390,NT$ 268.00,2024-08-10
1195480,NT$ 149.00,2024-08-10
2313541,NT$ 138.00,2024-08-10
9180,NT$ 59.00,2024-08-10
2464650,NT$ 249.00,2024-08-10
2253060,NT$ 150.00,2024-08-10
448280,NT$ 318.00,2024-08-10
1301021,NT$ 377.00,2024-08-10
2594920,Free,2024-08-10
2236950,NT$ 249.00,2024-08-10
1278540,NT$ 359.00,2024-08-10
3028790,NT$ 749.00,2024-08-10
307690,NT$ 645.00,2024-08-10
48700,NT$ 549.00,2024-08-10
2069040,NT$ 82.00,2024-08-10
285330,NT$ 278.00,2024-08-10
1277400,"NT$ 1,230.00",2024-08-10
913740,NT$ 328.00,2024-08-10
7670,,2024-08-10
954850,"NT$ 1,490.00",2024-08-10
1979440,"NT$ 1,790.00",2024-08-10
209460,NT$ 59.00,2024-08-10
225540,NT$ 585.00,2024-08-10
2313330,NT$ 499.00,2024-08-10
506610,NT$ 152.00,2024-08-10
201510,NT$ 217.00,2024-08-10
2481020,NT$ 268.00,2024-08-10
2213300,NT$ 178.00,2024-08-10
1423330,NT$ 262.00,2024-08-10
206190,NT$ 41.00,2024-08-10
2104240,NT$ 119.00,2024-08-10
1307550,NT$ 408.00,2024-08-10
1240590,NT$ 288.00,2024-08-10
1436950,NT$ 269.00,2024-08-10
2507010,NT$ 270.00,2024-08-10
2671080,"NT$ 1,130.00",2024-08-10
1253990,NT$ 269.00,2024-08-10
874390,NT$ 134.00,2024-08-10
2353700,NT$ 268.00,2024-08-10
2914620,NT$ 849.00,2024-08-10
1947130,"NT$ 1,899.00",2024-08-10
1530160,"NT$ 1,190.00",2024-08-10
2338140,"NT$ 1,150.00",2024-08-10
2805510,NT$ 399.00,2024-08-10
2313140,NT$ 599.00,2024-08-10
955900,NT$ 378.00,2024-08-10
2233120,NT$ 790.00,2024-08-10
1303183,NT$ 328.00,2024-08-10
1426010,NT$ 164.00,2024-08-10
797430,Free,2024-08-10
808290,Free,2024-08-10
413410,NT$ 468.00,2024-08-10
1194630,NT$ 790.00,2024-08-10
15620,NT$ 93.00,2024-08-10
1018020,NT$ 123.00,2024-08-10
2937910,NT$ 420.00,2024-08-10
1557210,NT$ 349.00,2024-08-10
721090,NT$ 215.00,2024-08-10
1745310,NT$ 83.00,2024-08-10
1303184,NT$ 328.00,2024-08-10
580730,NT$ 30.00,2024-08-10
2637990,NT$ 188.00,2024-08-10
1318690,NT$ 188.00,2024-08-10
2626940,Free,2024-08-10
2111850,NT$ 138.00,2024-08-10
883710,"NT$ 1,310.00",2024-08-10
361280,NT$ 238.00,2024-08-10
2095300,NT$ 168.00,2024-08-10
1129190,Free,2024-08-10
1244781,NT$ 129.00,2024-08-10
1054490,NT$ 399.00,2024-08-10
1570330,NT$ 186.00,2024-08-10
382310,NT$ 488.00,2024-08-10
916840,NT$ 568.00,2024-08-10
2019680,NT$ 211.00,2024-08-10
654890,NT$ 646.00,2024-08-10
1109680,NT$ 438.00,2024-08-10
1877020,"NT$ 1,790.00",2024-08-10
2181610,NT$ 94.00,2024-08-10
1732180,NT$ 269.00,2024-08-10
1264250,NT$ 498.00,2024-08-10
1746930,NT$ 488.00,2024-08-10
1897120,NT$ 299.00,2024-08-10
1067690,NT$ 199.00,2024-08-10
203160,NT$ 370.00,2024-08-10
2015890,NT$ 188.00,2024-08-10
2487060,NT$ 219.00,2024-08-10
1105670,NT$ 408.00,2024-08-10
1390150,NT$ 186.00,2024-08-10
1071200,NT$ 79.00,2024-08-10
617870,NT$ 528.00,2024-08-10
535930,NT$ 890.00,2024-08-10
2927620,NT$ 600.00,2024-08-10
692850,"NT$ 1,221.00",2024-08-10
680420,NT$ 590.00,2024-08-10
1560250,NT$ 268.00,2024-08-10
1554260,NT$ 226.00,2024-08-10
1755920,Free,2024-08-10
2663530,NT$ 188.00,2024-08-10
3018910,NT$ 138.00,2024-08-10
2379910,NT$ 138.00,2024-08-10
2401830,NT$ 568.00,2024-08-10
435870,NT$ 149.00,2024-08-10
1430610,NT$ 50.00,2024-08-10
3028770,NT$ 299.00,2024-08-10
12200,NT$ 486.00,2024-08-10
1018800,NT$ 134.00,2024-08-10
2358260,NT$ 999.00,2024-08-10
954740,NT$ 900.00,2024-08-10
1200349,NT$ 599.00,2024-08-10
1613281,NT$ 538.00,2024-08-10
1021790,NT$ 799.00,2024-08-10
678800,Free,2024-08-10
2057012,NT$ 298.00,2024-08-10
1542360,NT$ 188.00,2024-08-10
1577120,"NT$ 1,790.00",2024-08-10
291650,NT$ 688.00,2024-08-10
2316580,NT$ 404.00,2024-08-10
392110,NT$ 868.00,2024-08-10
1881420,"NT$ 1,049.00",2024-08-10
2678990,NT$ 102.00,2024-08-10
2574940,NT$ 85.00,2024-08-10
1745440,NT$ 465.00,2024-08-10
2894270,NT$ 270.00,2024-08-10
2903560,NT$ 82.00,2024-08-10
2270,NT$ 44.00,2024-08-10
459220,NT$ 658.00,2024-08-10
2788520,NT$ 328.00,2024-08-10
365960,NT$ 488.00,2024-08-10
2531290,NT$ 226.00,2024-08-10
830451,NT$ 253.00,2024-08-10
1613283,NT$ 538.00,2024-08-10
554620,NT$ 480.00,2024-08-10
2459970,NT$ 690.00,2024-08-10
1235753,NT$ 188.00,2024-08-10
1889490,NT$ 508.00,2024-08-10
628890,NT$ 995.00,2024-08-10
1099410,"NT$ 1,408.00",2024-08-10
2331540,NT$ 102.00,2024-08-10
1658920,NT$ 699.00,2024-08-10
2469400,NT$ 189.00,2024-08-10
329070,NT$ 408.00,2024-08-10
1148760,NT$ 408.00,2024-08-10
1055430,NT$ 75.00,2024-08-10
507010,NT$ 93.00,2024-08-10
1029780,NT$ 408.00,2024-08-10
311290,NT$ 142.00,2024-08-10
1451090,"NT$ 1,490.00",2024-08-10
1201230,NT$ 201.00,2024-08-10
420530,NT$ 188.00,2024-08-10
1169100,NT$ 188.00,2024-08-10
1466060,NT$ 488.00,2024-08-10
2719560,NT$ 229.00,2024-08-10
965220,NT$ 280.00,2024-08-10
1421290,NT$ 287.00,2024-08-10
1151170,NT$ 254.00,2024-08-10
567380,NT$ 188.00,2024-08-10
1307090,NT$ 11.00,2024-08-10
2574770,NT$ 186.00,2024-08-10
631510,NT$ 980.00,2024-08-10
2744230,NT$ 188.00,2024-08-10
211500,Free,2024-08-10
930210,NT$ 328.00,2024-08-10
1369630,NT$ 400.00,2024-08-10
404012,NT$ 528.00,2024-08-10
1345890,NT$ 197.00,2024-08-10
2141910,NT$ 633.00,2024-08-10
1973710,Free To Play,2024-08-10
216150,"NT$ 1,999.00",2024-08-10
2586520,"NT$ 1,280.00",2024-08-10
1790310,NT$ 699.00,2024-08-10
2051010,"NT$ 1,673.00",2024-08-10
2154770,"NT$ 1,190.00",2024-08-10
2064650,NT$ 198.00,2024-08-10
1361350,"NT$ 1,382.00",2024-08-10
2963870,"NT$ 1,382.00",2024-08-10
363090,NT$ 574.00,2024-08-10
1289670,NT$ 34.00,2024-08-10
620620,Free To Play,2024-08-10
1379130,Free To Play,2024-08-10
1335830,NT$ 488.00,2024-08-10
800221,"NT$ 4,150.00",2024-08-10
273110,NT$ 890.00,2024-08-10
495910,Free To Play,2024-08-10
2383020,Free To Play,2024-08-10
1180320,Free To Play,2024-08-10
2875140,NT$ 214.00,2024-08-10
1909840,NT$ 278.00,2024-08-10
2855560,Free To Play,2024-08-10
1859910,NT$ 369.00,2024-08-10
1329410,Free To Play,2024-08-10
1416920,NT$ 188.00,2024-08-10
292990,NT$ 395.00,2024-08-10
714210,NT$ 179.00,2024-08-10
905370,"NT$ 1,154.00",2024-08-10
2178420,NT$ 995.00,2024-08-10
2976720,NT$ 136.00,2024-08-10
