GameID,MostPlayedRank,PeakPlayers,AllTimePeak,Date
730,1,1250645,1818773,2024-08-07
570,2,668302,1295114,2024-08-07
2923300,3,410819,917272,2024-08-07
1172470,4,199465,624473,2024-08-07
218,5,187997,221857,2024-08-07
2139460,6,159376,231668,2024-08-07
1245620,7,122637,953426,2024-08-07
1203220,8,283359,385770,2024-08-07
271590,9,164505,364548,2024-08-07
431960,10,115353,150375,2024-08-07
1938090,11,84977,491670,2024-08-07
252490,12,132936,245243,2024-08-07
440,13,97050,253997,2024-08-07
238960,14,130329,229337,2024-08-07
1086940,15,86600,875343,2024-08-07
413150,16,103137,236614,2024-08-07
2074920,17,89981,264860,2024-08-07
1085660,18,63979,316750,2024-08-07
251570,19,89372,125419,2024-08-07
359550,20,63990,201933,2024-08-07
553850,21,62819,458709,2024-08-07
381210,22,60033,105093,2024-08-07
236390,23,76671,121318,2024-08-07
230410,24,54767,189837,2024-08-07
289070,25,57571,162657,2024-08-07
39210,26,44199,95150,2024-08-07
2357570,27,45548,75608,2024-08-07
438100,28,34346,52956,2024-08-07
2195250,29,60854,107359,2024-08-07
550,30,31309,162399,2024-08-07
105600,31,38235,489886,2024-08-07
1222670,32,43567,96328,2024-08-07
2977660,33,29650,90669,2024-08-07
1281930,34,43097,47602,2024-08-07
2252570,35,62105,89478,2024-08-07
394360,36,47527,78108,2024-08-07
304930,37,31123,112703,2024-08-07
322330,38,46946,115925,2024-08-07
1174180,39,37856,77655,2024-08-07
1623730,40,42139,2101867,2024-08-07
221100,41,49991,73418,2024-08-07
1366800,42,32062,33229,2024-08-07
108600,43,28019,65505,2024-08-07
2016590,44,25241,57164,2024-08-07
582010,45,47326,334684,2024-08-07
346110,46,35606,248405,2024-08-07
1782210,47,59734,75967,2024-08-07
294100,48,24925,62257,2024-08-07
578080,49,607669,3257248,2024-08-07
1091500,50,27365,1054388,2024-08-07
275850,51,27194,212613,2024-08-07
3047030,52,35614,36348,2024-08-07
377160,53,25946,472962,2024-08-07
1623660,54,17371,97173,2024-08-07
4000,55,33705,73863,2024-08-07
252950,56,27181,147632,2024-08-07
960090,57,21673,53943,2024-08-07
436150,58,33339,47136,2024-08-07
489830,59,22818,69906,2024-08-07
1449850,60,25809,262689,2024-08-07
1599340,61,24169,1325305,2024-08-07
2448970,62,26346,39325,2024-08-07
2344520,63,15711,39782,2024-08-07
480,64,43013,102705,2024-08-07
892970,65,26922,502387,2024-08-07
218620,66,20948,247709,2024-08-07
261550,67,26553,248216,2024-08-07
1966720,68,15536,240817,2024-08-07
739630,69,25529,112717,2024-08-07
582660,70,17318,60395,2024-08-07
250900,71,19930,70701,2024-08-07
1238810,72,33023,116104,2024-08-07
813780,73,17829,38725,2024-08-07
1142710,74,21756,166754,2024-08-07
646570,75,16905,33086,2024-08-07
232090,76,12421,69987,2024-08-07
1158310,77,19953,98872,2024-08-07
1364780,78,27348,70573,2024-08-07
8930,79,17073,91363,2024-08-07
548430,80,21230,54160,2024-08-07
2073850,81,13987,242619,2024-08-07
513710,82,19980,68322,2024-08-07
322170,83,18163,88346,2024-08-07
227300,84,38962,69754,2024-08-07
629520,85,17471,21920,2024-08-07
2399830,86,14056,98047,2024-08-07
1454400,87,11582,67867,2024-08-07
2338770,88,17527,30363,2024-08-07
1248130,89,36073,105636,2024-08-07
281990,90,13051,68602,2024-08-07
236850,91,17498,48165,2024-08-07
427520,92,15780,34700,2024-08-07
2709440,93,18538,18538,2024-08-07
386360,94,11105,31169,2024-08-07
2349820,95,12963,37249,2024-08-07
291550,96,13925,34816,2024-08-07
284160,97,18055,26844,2024-08-07
292030,98,21566,103329,2024-08-07
1920960,99,12278,85551,2024-08-07
216150,100,8934,13850,2024-08-07
594650,101,19205,45091,2024-08-07
1905180,102,20080,20080,2024-08-07
2426960,103,14022,22281,2024-08-07
306130,104,14249,49234,2024-08-07
107410,105,14901,56679,2024-08-07
1151340,106,12996,73368,2024-08-07
3076520,107,8060,8563,2024-08-07
1238840,108,17519,53714,2024-08-07
457140,109,13204,27486,2024-08-07
311210,110,8800,63681,2024-08-07
2567870,111,15252,94480,2024-08-07
393380,112,15712,35151,2024-08-07
766570,113,16035,24544,2024-08-07
270880,114,9315,19153,2024-08-07
240,115,15709,100056,2024-08-07
1517290,116,13283,107376,2024-08-07
1973530,117,8769,38950,2024-08-07
255710,118,12004,60386,2024-08-07
2670630,119,10021,51363,2024-08-07
1325860,120,15596,16688,2024-08-07
632360,121,8053,71548,2024-08-07
1172620,122,14978,66906,2024-08-07
1778820,123,8790,49977,2024-08-07
761890,124,12243,27227,2024-08-07
1293830,125,17182,75689,2024-08-07
814380,126,11307,125315,2024-08-07
365670,127,10057,10654,2024-08-07
2526380,128,9203,9914,2024-08-07
1818450,129,24146,38437,2024-08-07
2141910,130,8188,12058,2024-08-07
1997040,131,11406,18967,2024-08-07
1551360,132,13937,81096,2024-08-07
1049590,133,19599,52853,2024-08-07
2379780,134,7304,37977,2024-08-07
529340,135,10095,70100,2024-08-07
1466860,136,13244,73928,2024-08-07
526870,137,11175,34238,2024-08-07
714010,138,12984,14592,2024-08-07
945360,139,8605,447476,2024-08-07
1283970,140,8282,8588,2024-08-07
1476970,141,7513,13048,2024-08-07
2707930,142,8809,12607,2024-08-07
1144200,143,7751,55174,2024-08-07
244210,144,13250,19661,2024-08-07
1329410,145,15249,39075,2024-08-07
3016800,146,10488,10488,2024-08-07
1687950,147,9112,35474,2024-08-07
286160,148,6856,37198,2024-08-07
1203620,149,9668,160405,2024-08-07
1812620,150,7093,8794,2024-08-07
1665460,151,9859,21316,2024-08-07
1446780,152,11478,231360,2024-08-07
2291060,153,10750,18641,2024-08-07
552990,154,9449,411338,2024-08-07
376210,155,7186,11973,2024-08-07
1326470,156,9734,414257,2024-08-07
367520,157,6995,20324,2024-08-07
949230,158,8635,104697,2024-08-07
2142790,159,6163,6163,2024-08-07
1267910,160,6072,11867,2024-08-07
10,161,14213,319586,2024-08-07
374320,162,7181,129975,2024-08-07
648800,163,9940,101096,2024-08-07
1904540,164,9461,83715,2024-08-07
990080,165,9110,879308,2024-08-07
1716740,166,6700,330723,2024-08-07
700330,167,9049,13908,2024-08-07
1818750,168,4946,153433,2024-08-07
976730,169,5005,161024,2024-08-07
1604030,170,7013,150645,2024-08-07
1158160,171,6760,15418,2024-08-07
431730,172,4919,5165,2024-08-07
1118200,173,7287,17015,2024-08-07
686810,174,6466,18280,2024-08-07
1250410,175,7749,61829,2024-08-07
440900,176,6870,53402,2024-08-07
22380,177,4751,51038,2024-08-07
2646460,178,7852,46833,2024-08-07
1237970,179,4806,27631,2024-08-07
233860,180,6493,10971,2024-08-07
2215430,181,6233,77154,2024-08-07
1240440,182,4426,272586,2024-08-07
899770,183,6977,264708,2024-08-07
262060,184,5610,20064,2024-08-07
304390,185,5002,225831,2024-08-07
2050650,186,5544,168191,2024-08-07
444200,187,14113,56669,2024-08-07
1868140,188,6478,98480,2024-08-07
444090,189,4864,60743,2024-08-07
779340,190,7067,192298,2024-08-07
282070,191,5860,9503,2024-08-07
1145360,192,4882,54240,2024-08-07
2855560,193,9064,9508,2024-08-07
1468810,194,6439,184171,2024-08-07
1286830,195,5493,34210,2024-08-07
1432860,196,4087,12706,2024-08-07
1147690,197,3915,8032,2024-08-07
3590,198,4548,16225,2024-08-07
1384160,199,3642,31156,2024-08-07
2321470,200,5760,56943,2024-08-07
1909840,201,6340,6340,2024-08-07
49520,202,4030,124678,2024-08-07
933110,203,5004,20146,2024-08-07
1361210,204,4223,108395,2024-08-07
242760,205,6646,78097,2024-08-07
244850,206,5581,23888,2024-08-07
1426210,207,13625,32685,2024-08-07
812140,208,6577,62069,2024-08-07
264710,209,4962,51156,2024-08-07
1919590,210,5814,59006,2024-08-07
48700,211,5610,33054,2024-08-07
977400,212,4063,7340,2024-08-07
1794680,213,4110,77061,2024-08-07
1922560,214,3458,9670,2024-08-07
1659040,215,5347,9043,2024-08-07
1258080,216,4850,7990,2024-08-07
2881650,217,4476,204439,2024-08-07
1063730,218,3973,913634,2024-08-07
1942280,219,5505,32216,2024-08-07
268500,220,4133,133022,2024-08-07
435150,221,5094,93701,2024-08-07
1009850,222,3460,5049,2024-08-07
1422450,223,4877,4877,2024-08-07
2471100,224,3587,4779,2024-08-07
214950,225,5778,118240,2024-08-07
1568590,226,18701,702845,2024-08-07
397540,227,3742,93820,2024-08-07
2849080,228,5294,21133,2024-08-07
2808930,229,4766,5211,2024-08-07
1973710,230,4752,20201,2024-08-07
627690,231,3325,18578,2024-08-07
1282100,232,4255,110856,2024-08-07
1447430,233,4712,11085,2024-08-07
1366540,234,4364,59815,2024-08-07
2445690,235,11288,20280,2024-08-07
2003310,236,4872,5338,2024-08-07
1328670,237,4177,59817,2024-08-07
1290000,238,3378,10512,2024-08-07
518790,239,5171,23612,2024-08-07
380600,240,5542,9926,2024-08-07
1284210,241,4317,8324,2024-08-07
655500,242,3287,3842,2024-08-07
239140,243,5004,45876,2024-08-07
962130,244,4152,32012,2024-08-07
985810,245,3982,79883,2024-08-07
1260320,246,5226,104174,2024-08-07
1145350,247,3054,103567,2024-08-07
1371580,248,3395,47654,2024-08-07
494840,249,6241,7201,2024-08-07
2325290,250,4042,8806,2024-08-07
1363080,251,4829,173178,2024-08-07
1062090,252,4188,12354,2024-08-07
877280,253,3987,6966,2024-08-07
2951630,254,4444,7980,2024-08-07
8500,255,3592,10627,2024-08-07
570940,256,3552,24501,2024-08-07
601510,257,3001,21520,2024-08-07
1304930,258,2701,36689,2024-08-07
1343400,259,3017,12569,2024-08-07
386180,260,4077,12170,2024-08-07
881100,261,3010,9256,2024-08-07
1677740,262,6391,43705,2024-08-07
1637320,263,3402,6883,2024-08-07
221380,264,3324,27927,2024-08-07
1201240,265,3872,8166,2024-08-07
2250040,266,3998,10040,2024-08-07
1184370,267,3508,46724,2024-08-07
2420110,268,4500,40462,2024-08-07
2051620,269,4625,5404,2024-08-07
323190,270,3882,29361,2024-08-07
231430,271,4676,164688,2024-08-07
1667400,272,2133,2712,2024-08-07
204360,273,2435,16013,2024-08-07
460930,274,3525,45704,2024-08-07
602960,275,3813,19655,2024-08-07
2161700,276,2754,45002,2024-08-07
208650,277,3100,27406,2024-08-07
504230,278,2993,7782,2024-08-07
4700,279,4231,8453,2024-08-07
993090,280,2948,4052,2024-08-07
1891700,281,2757,3387,2024-08-07
2066020,282,3267,18854,2024-08-07
534380,283,4404,274983,2024-08-07
392160,284,3752,15198,2024-08-07
644930,285,3530,22395,2024-08-07
379430,286,4226,96069,2024-08-07
1465360,287,4478,11145,2024-08-07
2552430,288,2433,11152,2024-08-07
703080,289,4526,38630,2024-08-07
356190,290,3295,68183,2024-08-07
1811260,291,4280,110878,2024-08-07
2231380,292,3162,14382,2024-08-07
359320,293,3327,28923,2024-08-07
568220,294,2653,7928,2024-08-07
12210,295,3228,11696,2024-08-07
671860,296,2831,87323,2024-08-07
471710,297,2692,7154,2024-08-07
2668080,298,3574,9964,2024-08-07
400040,299,3027,3533,2024-08-07
728880,300,6268,12716,2024-08-07
34330,301,3108,54115,2024-08-07
1284190,302,3291,28416,2024-08-07
1407200,303,4450,8024,2024-08-07
958260,304,3068,11284,2024-08-07
1824220,305,2308,16959,2024-08-07
2208920,306,3800,15679,2024-08-07
2186680,307,3236,45405,2024-08-07
2281730,308,3011,7141,2024-08-07
1874880,309,2983,12342,2024-08-07
1128810,310,2759,11716,2024-08-07
1787090,311,2654,3869,2024-08-07
588650,312,2842,14910,2024-08-07
505460,313,3159,11791,2024-08-07
1677280,314,3399,36646,2024-08-07
1189490,315,3209,26379,2024-08-07
2894940,316,2289,2709,2024-08-07
2078450,317,2719,2719,2024-08-07
784150,318,5343,8264,2024-08-07
872410,319,3386,16482,2024-08-07
1149460,320,2778,52501,2024-08-07
335300,321,2456,12106,2024-08-07
203770,322,2913,141439,2024-08-07
594570,323,3016,84920,2024-08-07
400750,324,3281,8831,2024-08-07
581320,325,2463,14606,2024-08-07
1222680,326,2675,86196,2024-08-07
1013320,327,2399,3343,2024-08-07
363970,328,2439,65882,2024-08-07
1971870,329,2232,38129,2024-08-07
1943950,330,5095,16529,2024-08-07
47890,331,2087,10505,2024-08-07
1569040,332,3466,88767,2024-08-07
1599600,333,1868,12460,2024-08-07
447040,334,2596,18138,2024-08-07
632470,335,2608,8081,2024-08-07
508440,336,2324,13674,2024-08-07
1588010,337,2123,3824,2024-08-07
1097150,338,1931,172213,2024-08-07
2140330,339,1892,9526,2024-08-07
787480,340,3113,4724,2024-08-07
1401590,341,2766,14314,2024-08-07
961200,342,1969,7339,2024-08-07
266840,343,2315,11074,2024-08-07
1229490,344,2214,28076,2024-08-07
1259420,345,2948,27450,2024-08-07
2427700,346,2698,36557,2024-08-07
219740,347,2496,16796,2024-08-07
220200,348,2193,19149,2024-08-07
1535560,349,1982,8951,2024-08-07
1313140,350,2249,61780,2024-08-07
2315690,351,1970,8789,2024-08-07
2524890,352,2328,25014,2024-08-07
835570,353,7715,19178,2024-08-07
495420,354,2412,22728,2024-08-07
2591280,355,5265,12066,2024-08-07
219990,356,2821,61458,2024-08-07
786520,357,2259,3747,2024-08-07
493340,358,2756,21971,2024-08-07
635260,359,2267,5369,2024-08-07
620,360,2604,98460,2024-08-07
1449690,361,2134,2236,2024-08-07
1593500,362,2361,73529,2024-08-07
268910,363,2250,19026,2024-08-07
287700,364,2042,91195,2024-08-07
1549250,365,2409,46103,2024-08-07
1506830,366,2753,108295,2024-08-07
1167630,367,3035,8339,2024-08-07
544810,368,1914,2972,2024-08-07
431240,369,1914,20750,2024-08-07
2963870,370,2136,2745,2024-08-07
916440,371,3141,25302,2024-08-07
1859910,372,3683,24278,2024-08-07
601150,373,2445,88894,2024-08-07
2961880,374,1595,1824,2024-08-07
1180320,375,2004,2950,2024-08-07
1928420,376,2154,41396,2024-08-07
1817070,377,1926,66436,2024-08-07
1546320,378,1516,3148,2024-08-07
977950,379,2085,9330,2024-08-07
459820,380,1608,4512,2024-08-07
2167580,381,1862,38641,2024-08-07
2384620,382,1564,1751,2024-08-07
200210,383,1681,10051,2024-08-07
1888160,384,2074,156171,2024-08-07
767560,385,1993,2762,2024-08-07
10500,386,2789,27559,2024-08-07
1948980,387,2843,28936,2024-08-07
1621690,388,2605,34508,2024-08-07
305620,389,2499,14433,2024-08-07
719890,390,1775,3523,2024-08-07
32470,391,2002,5716,2024-08-07
412220,392,5347,5351,2024-08-07
1669000,393,2087,42877,2024-08-07
976310,394,2432,35147,2024-08-07
883710,395,2116,74227,2024-08-07
1190000,396,2568,22561,2024-08-07
637090,397,1643,35767,2024-08-07
2221490,398,2218,14858,2024-08-07
588430,399,2174,42656,2024-08-07
1875830,400,2126,21749,2024-08-07
2054970,401,2126,228585,2024-08-07
815370,402,3323,20003,2024-08-07
1797880,403,2636,7787,2024-08-07
1151640,404,2519,56557,2024-08-07
1066780,405,3345,24308,2024-08-07
1482520,406,3059,3473,2024-08-07
824270,407,2132,2846,2024-08-07
1222690,408,2039,4964,2024-08-07
573090,409,2556,6820,2024-08-07
1985810,410,1600,3693,2024-08-07
613100,411,2261,15910,2024-08-07
361420,412,2067,17986,2024-08-07
1325200,413,2676,41325,2024-08-07
1256670,414,1654,8015,2024-08-07
1119730,415,2890,6133,2024-08-07
924970,416,3152,65987,2024-08-07
1217060,417,2014,35263,2024-08-07
1404210,418,2167,19921,2024-08-07
1068820,419,1421,2197,2024-08-07
8800,420,1813,2636,2024-08-07
1092790,421,1457,17072,2024-08-07
552500,422,2512,104323,2024-08-07
1206560,423,1480,11034,2024-08-07
427410,424,1444,21753,2024-08-07
1129580,425,3778,31057,2024-08-07
1041320,426,1653,6224,2024-08-07
1774580,427,1671,67855,2024-08-07
552520,428,2373,92445,2024-08-07
663090,429,1851,4505,2024-08-07
665300,430,1370,2158,2024-08-07
1139980,431,1924,4520,2024-08-07
3105760,432,1109,1109,2024-08-07
1857090,433,2256,11866,2024-08-07
1244460,434,2072,20784,2024-08-07
72850,435,2259,287411,2024-08-07
1468260,436,1406,8125,2024-08-07
312060,437,1278,4290,2024-08-07
632810,438,2960,7956,2024-08-07
1113000,439,1496,29984,2024-08-07
389430,440,1274,24594,2024-08-07
1527950,441,2217,35879,2024-08-07
1190970,442,2130,18170,2024-08-07
881020,443,2265,114054,2024-08-07
629730,444,1587,9509,2024-08-07
2289450,445,1349,2289,2024-08-07
454650,446,1367,19416,2024-08-07
466170,447,1289,2783,2024-08-07
365360,448,1921,8060,2024-08-07
1335200,449,2344,2894,2024-08-07
1840,450,1473,3975,2024-08-07
325610,451,2325,26346,2024-08-07
2394010,452,1115,35380,2024-08-07
3056550,453,1753,9939,2024-08-07
312520,454,1428,4808,2024-08-07
1827180,455,1510,2989,2024-08-07
1084600,456,1597,21778,2024-08-07
1196590,457,1658,106631,2024-08-07
1238860,458,1540,12425,2024-08-07
212680,459,1479,19301,2024-08-07
669330,460,2131,4932,2024-08-07
1846380,461,1711,14063,2024-08-07
1625450,462,1631,16715,2024-08-07
3910,463,1572,4600,2024-08-07
701160,464,2103,4735,2024-08-07
1876890,465,2388,22824,2024-08-07
311690,466,1349,15792,2024-08-07
211820,467,1553,88709,2024-08-07
599140,468,1701,16993,2024-08-07
787860,469,2886,59466,2024-08-07
582160,470,2185,41551,2024-08-07
2484110,471,1417,4756,2024-08-07
289650,472,1997,12180,2024-08-07
2642680,473,1337,2559,2024-08-07
2479810,474,1677,72548,2024-08-07
1343370,475,1202,6151,2024-08-07
459160,476,1011,1021,2024-08-07
678950,477,1100,44303,2024-08-07
2488620,478,2963,8216,2024-08-07
1336980,479,2058,11783,2024-08-07
2072450,480,1694,46161,2024-08-07
233450,481,1551,16211,2024-08-07
784080,482,1151,6476,2024-08-07
1353300,483,1434,2050,2024-08-07
2892880,484,941,1424,2024-08-07
1995520,485,1811,11531,2024-08-07
212500,486,1754,3965,2024-08-07
1336490,487,1524,12832,2024-08-07
1611600,488,1786,3948,2024-08-07
47810,489,1365,8364,2024-08-07
1263850,490,1955,93865,2024-08-07
1627720,491,1459,19618,2024-08-07
1259970,492,1778,20674,2024-08-07
1533390,493,1624,2701,2024-08-07
477160,494,3020,127517,2024-08-07
1465460,495,1534,19380,2024-08-07
488790,496,1403,21609,2024-08-07
805550,497,4170,12376,2024-08-07
1222140,498,1803,8222,2024-08-07
466560,499,2207,20235,2024-08-07
2113850,500,1285,4212,2024-08-07
1147560,501,1634,18970,2024-08-07
1173510,502,1700,2007,2024-08-07
838350,503,1726,72533,2024-08-07
453480,504,1560,24167,2024-08-07
1422440,505,1454,3152,2024-08-07
3136470,506,1255,1255,2024-08-07
1940340,507,1170,23800,2024-08-07
22330,508,1249,6390,2024-08-07
774801,509,1018,8564,2024-08-07
386940,510,1611,15874,2024-08-07
1433140,511,1047,17198,2024-08-07
304050,512,1073,58949,2024-08-07
1029690,513,1937,14870,2024-08-07
391540,514,1383,10484,2024-08-07
1170950,515,1191,9657,2024-08-07
782330,516,1569,104891,2024-08-07
1367550,517,1392,3206,2024-08-07
524220,518,1229,23908,2024-08-07
1477830,519,1401,2012,2024-08-07
368260,520,1072,15500,2024-08-07
9900,521,1256,7910,2024-08-07
2406770,522,1105,16457,2024-08-07
1815780,523,1450,1867,2024-08-07
1669980,524,1667,31057,2024-08-07
1046930,525,1497,202334,2024-08-07
3069470,526,881,881,2024-08-07
1557740,527,966,2269,2024-08-07
2527870,528,1112,1273,2024-08-07
2064650,529,1645,7210,2024-08-07
2551020,530,2121,13663,2024-08-07
1069660,531,1208,2081,2024-08-07
383120,532,1389,8829,2024-08-07
2666510,533,981,20876,2024-08-07
418370,534,1356,20449,2024-08-07
905370,535,3860,15008,2024-08-07
2420510,536,1185,46155,2024-08-07
880940,537,2639,20957,2024-08-07
1812450,538,1654,15263,2024-08-07
213670,539,1296,34811,2024-08-07
636480,540,1082,3939,2024-08-07
1416920,541,1720,12301,2024-08-07
552100,542,2067,2501,2024-08-07
1237950,543,1265,10489,2024-08-07
1367080,544,2136,25422,2024-08-07
1566690,545,1750,17128,2024-08-07
1809540,546,1231,6568,2024-08-07
3017120,547,1172,4358,2024-08-07
335240,548,1626,5636,2024-08-07
297000,549,1755,4656,2024-08-07
992300,550,796,7267,2024-08-07
1044720,551,1444,24910,2024-08-07
799960,552,954,1164,2024-08-07
1127400,553,1503,3376,2024-08-07
1100600,554,1867,189464,2024-08-07
2816950,555,1577,6889,2024-08-07
2212330,556,945,3405,2024-08-07
2369390,557,1723,20080,2024-08-07
1714040,558,837,10760,2024-08-07
975370,559,1041,28340,2024-08-07
704850,560,1708,7188,2024-08-07
848450,561,1359,42115,2024-08-07
1274570,562,2059,7969,2024-08-07
363890,563,965,2486,2024-08-07
2739590,564,1630,4806,2024-08-07
17390,565,1170,5630,2024-08-07
629760,566,1418,60204,2024-08-07
1574360,567,1009,4880,2024-08-07
433340,568,1051,7214,2024-08-07
2334730,569,1176,15905,2024-08-07
628070,570,1379,1987,2024-08-07
1594320,571,1367,6135,2024-08-07
2962810,572,979,979,2024-08-07
934700,573,1473,12094,2024-08-07
699130,574,1924,6714,2024-08-07
2000950,575,1158,3581,2024-08-07
329110,576,1420,3007,2024-08-07
1969870,577,1449,7987,2024-08-07
704450,578,1081,2410,2024-08-07
1629520,579,903,2832,2024-08-07
223240,580,841,1961,2024-08-07
212910,581,851,9695,2024-08-07
3107070,582,1395,4979,2024-08-07
2012510,583,1025,4854,2024-08-07
34030,584,1408,9935,2024-08-07
475150,585,1894,19497,2024-08-07
851850,586,1118,25852,2024-08-07
1172380,587,1205,46550,2024-08-07
1850570,588,1372,6093,2024-08-07
70,589,1213,33471,2024-08-07
1399720,590,936,6962,2024-08-07
221040,591,916,11879,2024-08-07
228200,592,1382,5906,2024-08-07
346900,593,1387,22998,2024-08-07
223750,594,1082,3328,2024-08-07
1418630,595,2176,107982,2024-08-07
493520,596,1206,18813,2024-08-07
1211020,597,2034,4665,2024-08-07
702320,598,1265,2061,2024-08-07
774171,599,1230,11478,2024-08-07
544730,600,1060,7376,2024-08-07
65800,601,836,21862,2024-08-07
1096900,602,848,1064,2024-08-07
1397920,603,944,5093,2024-08-07
2108330,604,1634,14512,2024-08-07
1458140,605,1040,18507,2024-08-07
1948800,606,1277,10818,2024-08-07
920490,607,1013,1195,2024-08-07
200260,608,1040,6871,2024-08-07
1690710,609,777,3100,2024-08-07
736190,610,1325,32593,2024-08-07
21690,611,868,2585,2024-08-07
244450,612,1415,9750,2024-08-07
34120,613,658,1365,2024-08-07
638970,614,888,8985,2024-08-07
2418520,615,1335,4291,2024-08-07
670290,616,1436,3618,2024-08-07
1150690,617,817,3166,2024-08-07
2239150,618,949,6723,2024-08-07
220,619,1345,16182,2024-08-07
1462040,620,977,13803,2024-08-07
769560,621,1102,1830,2024-08-07
1062520,622,904,13412,2024-08-07
2273430,623,1695,6956,2024-08-07
527230,624,1545,9993,2024-08-07
1520470,625,1848,4593,2024-08-07
1785150,626,701,5578,2024-08-07
2229850,627,1132,6617,2024-08-07
254700,628,931,5343,2024-08-07
391220,629,1305,44588,2024-08-07
1385380,630,702,14037,2024-08-07
1465470,631,1421,5170,2024-08-07
1333350,632,817,1091,2024-08-07
1235140,633,1111,9535,2024-08-07
211,634,854,3402,2024-08-07
1029780,635,1140,14676,2024-08-07
1280930,636,1168,2432,2024-08-07
387990,637,1952,46643,2024-08-07
1676840,638,856,28528,2024-08-07
1054490,639,734,1488,2024-08-07
2225070,640,1665,22128,2024-08-07
885970,641,1233,18526,2024-08-07
2593370,642,1237,5093,2024-08-07
516750,643,2117,5509,2024-08-07
753640,644,962,7936,2024-08-07
218230,645,1056,29676,2024-08-07
2739600,646,870,8970,2024-08-07
666140,647,1104,13299,2024-08-07
1089090,648,889,9219,2024-08-07
1898300,649,1523,10713,2024-08-07
224260,650,1246,10922,2024-08-07
342200,651,835,4155,2024-08-07
736220,652,1064,7753,2024-08-07
268850,653,760,4248,2024-08-07
1295510,654,1263,4813,2024-08-07
992070,655,723,1544,2024-08-07
1222700,656,1178,3055,2024-08-07
1877960,657,788,3865,2024-08-07
2732960,658,1108,2353,2024-08-07
1286680,659,886,15021,2024-08-07
1888930,660,1113,36496,2024-08-07
1332010,661,1041,62963,2024-08-07
1296610,662,785,3764,2024-08-07
744900,663,1006,10101,2024-08-07
463530,664,913,6367,2024-08-07
1097430,665,817,4192,2024-08-07
242050,666,981,16049,2024-08-07
1693980,667,704,30925,2024-08-07
33230,668,1072,3617,2024-08-07
22370,669,869,11471,2024-08-07
433850,670,577,151239,2024-08-07
2622000,671,1900,34387,2024-08-07
799600,672,836,13794,2024-08-07
1180380,673,1714,2798,2024-08-07
363150,674,1008,11909,2024-08-07
1689500,675,1038,1133,2024-08-07
42700,676,719,63343,2024-08-07
469600,677,1327,5834,2024-08-07
2276930,678,643,7812,2024-08-07
383980,679,672,2922,2024-08-07
843380,680,698,7648,2024-08-07
585420,681,1276,4116,2024-08-07
896660,682,631,5068,2024-08-07
234140,683,1193,33356,2024-08-07
780310,684,1121,21741,2024-08-07
1644960,685,1046,46661,2024-08-07
9420,686,1151,2113,2024-08-07
568880,687,589,1638,2024-08-07
1324130,688,1045,8792,2024-08-07
610080,689,759,6265,2024-08-07
244310,690,553,2494,2024-08-07
774361,691,678,3247,2024-08-07
1451190,692,668,7433,2024-08-07
751780,693,895,13438,2024-08-07
492720,694,1133,15294,2024-08-07
1144400,695,1045,3013,2024-08-07
1197260,696,704,4904,2024-08-07
1371980,697,1215,36276,2024-08-07
3330,698,807,928,2024-08-07
312660,699,1227,17366,2024-08-07
2396910,700,612,2309,2024-08-07
1042550,701,704,2404,2024-08-07
246420,702,1008,2022,2024-08-07
2458860,703,1099,5199,2024-08-07
225540,704,901,23459,2024-08-07
2140510,705,680,3755,2024-08-07
2695940,706,911,3498,2024-08-07
1276390,707,903,17137,2024-08-07
794260,708,731,11296,2024-08-07
1976440,709,929,5199,2024-08-07
212200,710,562,1229,2024-08-07
1584090,711,1095,3196,2024-08-07
1188930,712,936,7084,2024-08-07
834910,713,733,58939,2024-08-07
489630,714,988,11136,2024-08-07
1318690,715,791,2622,2024-08-07
379720,716,868,44271,2024-08-07
109600,717,1109,14866,2024-08-07
2157560,718,614,7278,2024-08-07
1124300,719,1010,55284,2024-08-07
1812820,720,652,5935,2024-08-07
2336220,721,1992,11413,2024-08-07
389730,722,909,18966,2024-08-07
2346550,723,975,1157,2024-08-07
287450,724,780,2734,2024-08-07
640820,725,854,22643,2024-08-07
1486350,726,642,1452,2024-08-07
2187220,727,968,4453,2024-08-07
458710,728,918,1011,2024-08-07
1971650,729,871,17008,2024-08-07
1435790,730,669,6616,2024-08-07
359870,731,782,13263,2024-08-07
4760,732,1002,4413,2024-08-07
445220,733,863,4533,2024-08-07
2138610,734,574,2073,2024-08-07
1708850,735,1173,9126,2024-08-07
2459550,736,642,1367,2024-08-07
1419170,737,913,3939,2024-08-07
203160,738,945,89538,2024-08-07
955900,739,902,18349,2024-08-07
1057090,740,1005,34807,2024-08-07
2742140,741,538,764,2024-08-07
692890,742,693,5654,2024-08-07
3900,743,737,2314,2024-08-07
96810,744,563,2123,2024-08-07
2725560,745,727,1666,2024-08-07
1296830,746,1078,44702,2024-08-07
9450,747,1009,3283,2024-08-07
349040,748,814,8466,2024-08-07
10090,749,584,4825,2024-08-07
1262240,750,1029,4022,2024-08-07
1562430,751,642,12686,2024-08-07
17575,752,685,1678,2024-08-07
237410,753,630,1627,2024-08-07
1084160,754,1342,25366,2024-08-07
571740,755,872,2877,2024-08-07
1721470,756,768,13971,2024-08-07
1954420,757,1006,1789,2024-08-07
2080690,758,1026,26154,2024-08-07
2333480,759,719,1058,2024-08-07
1449560,760,958,3521,2024-08-07
221680,761,669,4063,2024-08-07
983380,762,1662,2560,2024-08-07
1017900,763,786,2708,2024-08-07
986130,764,648,3562,2024-08-07
280680,765,687,737,2024-08-07
1284410,766,992,7504,2024-08-07
780290,767,733,6983,2024-08-07
367500,768,643,27368,2024-08-07
1105420,769,823,1681,2024-08-07
1929610,770,692,8806,2024-08-07
2963880,771,599,1751,2024-08-07
42960,772,645,3419,2024-08-07
2138710,773,485,3189,2024-08-07
41005,774,680,2265,2024-08-07
438040,775,2078,9495,2024-08-07
1817190,776,753,13539,2024-08-07
200510,777,803,70568,2024-08-07
952060,778,740,60293,2024-08-07
920210,779,985,82517,2024-08-07
1213210,780,981,42587,2024-08-07
35140,781,729,6739,2024-08-07
228380,782,1180,3865,2024-08-07
756800,783,1038,8124,2024-08-07
91720,784,644,1736,2024-08-07
388080,785,507,1182,2024-08-07
2780980,786,690,690,2024-08-07
403640,787,741,22411,2024-08-07
551170,788,955,4978,2024-08-07
242920,789,684,24636,2024-08-07
19680,790,556,969,2024-08-07
2069310,791,524,698,2024-08-07
2864890,792,508,1533,2024-08-07
204880,793,625,93109,2024-08-07
298110,794,874,16963,2024-08-07
412020,795,1126,15375,2024-08-07
1827980,796,472,2214,2024-08-07
1869590,797,530,19257,2024-08-07
500,798,592,30616,2024-08-07
362890,799,841,7158,2024-08-07
960170,800,1203,5413,2024-08-07
2654540,801,559,659,2024-08-07
90,802,610,3965,2024-08-07
464920,803,709,23744,2024-08-07
898920,804,590,1227,2024-08-07
1088850,805,754,10989,2024-08-07
1881700,806,862,8531,2024-08-07
223250,807,541,1650,2024-08-07
1238040,808,641,1421,2024-08-07
1279510,809,788,2245,2024-08-07
2897580,810,584,609,2024-08-07
1176470,811,662,9826,2024-08-07
1898830,812,570,609,2024-08-07
512900,813,769,4320,2024-08-07
729040,814,664,26446,2024-08-07
750920,815,918,38268,2024-08-07
1593350,816,546,2132,2024-08-07
1957780,817,563,1011,2024-08-07
2835570,818,699,9067,2024-08-07
327030,819,795,4767,2024-08-07
1683150,820,600,1958,2024-08-07
394690,821,489,1603,2024-08-07
1361350,822,583,2218,2024-08-07
371970,823,562,1491,2024-08-07
1606180,824,1112,4668,2024-08-07
2088570,825,505,4714,2024-08-07
2132850,826,495,5446,2024-08-07
2698780,827,985,1943,2024-08-07
209000,828,634,25017,2024-08-07
1118310,829,594,794,2024-08-07
690790,830,959,3533,2024-08-07
617290,831,730,48289,2024-08-07
251060,832,882,4779,2024-08-07
635,833,611,1979,2024-08-07
2594920,834,546,9008,2024-08-07
620980,835,745,4472,2024-08-07
546560,836,818,42858,2024-08-07
2103530,837,532,783,2024-08-07
2171440,838,550,662,2024-08-07
307690,839,728,4035,2024-08-07
707010,840,955,3108,2024-08-07
333640,841,495,1221,2024-08-07
1974050,842,841,21030,2024-08-07
2231450,843,647,9074,2024-08-07
1437830,844,591,1026,2024-08-07
603850,845,1256,2901,2024-08-07
646910,846,874,12748,2024-08-07
1243830,847,1287,3077,2024-08-07
2395210,848,544,1804,2024-08-07
1102190,849,581,14073,2024-08-07
241930,850,722,48668,2024-08-07
332850,851,617,2042,2024-08-07
400,852,651,20672,2024-08-07
1097840,853,450,10196,2024-08-07
223710,854,778,3075,2024-08-07
314160,855,675,6051,2024-08-07
502520,856,540,1678,2024-08-07
2203070,857,730,3276,2024-08-07
2586520,858,776,4016,2024-08-07
816340,859,729,2000,2024-08-07
1241100,860,602,1247,2024-08-07
72780,861,571,2231,2024-08-07
207610,862,732,12114,2024-08-07
105450,863,619,9490,2024-08-07
872790,864,935,75982,2024-08-07
535930,865,778,34009,2024-08-07
777130,866,487,2581,2024-08-07
1499560,867,553,7862,2024-08-07
40970,868,1177,2612,2024-08-07
1002300,869,640,1045,2024-08-07
1127500,870,484,9914,2024-08-07
1686940,871,645,1595,2024-08-07
698780,872,569,7402,2024-08-07
1282730,873,651,51156,2024-08-07
2739990,874,548,841,2024-08-07
1266630,875,413,1423,2024-08-07
1017180,876,1177,3504,2024-08-07
2627540,877,401,548,2024-08-07
2552450,878,442,1274,2024-08-07
470220,879,421,5639,2024-08-07
111710,880,536,1836,2024-08-07
937310,881,607,2215,2024-08-07
1007040,882,756,8416,2024-08-07
1135230,883,420,3073,2024-08-07
2826180,884,581,2189,2024-08-07
17480,885,630,2984,2024-08-07
784950,886,741,1403,2024-08-07
2484250,887,944,9877,2024-08-07
2947640,888,1014,2014,2024-08-07
205710,889,487,989,2024-08-07
1162750,890,545,2956,2024-08-07
1245560,891,519,6062,2024-08-07
223850,892,471,1667,2024-08-07
269950,893,753,4210,2024-08-07
2767520,894,425,499,2024-08-07
307950,895,1631,5436,2024-08-07
2076010,896,423,7109,2024-08-07
293760,897,605,1235,2024-08-07
2772560,898,758,3681,2024-08-07
1887840,899,429,4715,2024-08-07
249130,900,744,5953,2024-08-07
489520,901,643,10329,2024-08-07
24200,902,482,17701,2024-08-07
16900,903,445,1674,2024-08-07
645630,904,794,8474,2024-08-07
972660,905,540,5603,2024-08-07
1635450,906,600,1441,2024-08-07
312070,907,363,1841,2024-08-07
337410,908,514,1046,2024-08-07
418530,909,427,9702,2024-08-07
637650,910,576,29498,2024-08-07
1173370,911,588,2422,2024-08-07
2492430,912,535,535,2024-08-07
2854160,913,1330,8980,2024-08-07
236110,914,549,18785,2024-08-07
278080,915,855,3878,2024-08-07
502500,916,495,13758,2024-08-07
2821890,917,508,860,2024-08-07
2458530,918,631,1374,2024-08-07
1227890,919,716,5051,2024-08-07
859580,920,702,41945,2024-08-07
2218750,921,564,26061,2024-08-07
220240,922,795,23065,2024-08-07
368500,923,697,4729,2024-08-07
1288320,924,853,9880,2024-08-07
12120,925,648,3387,2024-08-07
404790,926,588,741,2024-08-07
2103140,927,696,12391,2024-08-07
208580,928,491,6581,2024-08-07
228280,929,625,3756,2024-08-07
1634680,930,622,1714,2024-08-07
677620,931,396,67724,2024-08-07
897330,932,498,1535,2024-08-07
1164940,933,432,1911,2024-08-07
569480,934,535,4856,2024-08-07
261640,935,502,68238,2024-08-07
2996990,936,938,12284,2024-08-07
48190,937,520,3848,2024-08-07
78000,938,442,1415,2024-08-07
339000,939,345,591,2024-08-07
3065470,940,882,1302,2024-08-07
243730,941,356,1753,2024-08-07
1985960,942,925,1070,2024-08-07
2440510,943,525,4703,2024-08-07
253710,944,767,3984,2024-08-07
667970,945,445,1777,2024-08-07
1149620,946,583,12229,2024-08-07
17515,947,349,1493,2024-08-07
32370,948,421,5642,2024-08-07
2429860,949,651,5044,2024-08-07
2495450,950,770,12403,2024-08-07
1272080,951,570,77938,2024-08-07
22320,952,438,1396,2024-08-07
205100,953,524,19938,2024-08-07
1657630,954,515,21524,2024-08-07
1870300,955,734,1533,2024-08-07
203300,956,603,1687,2024-08-07
240720,957,459,5054,2024-08-07
409710,958,522,5245,2024-08-07
360430,959,835,47822,2024-08-07
681280,960,558,1954,2024-08-07
1350840,961,682,927,2024-08-07
1364390,962,596,1078,2024-08-07
1659420,963,758,10851,2024-08-07
354290,964,381,470,2024-08-07
674940,965,530,5147,2024-08-07
382310,966,833,6964,2024-08-07
2014780,967,607,881,2024-08-07
2154770,968,688,1185,2024-08-07
1169040,969,434,3894,2024-08-07
1498570,970,411,8226,2024-08-07
1677350,971,404,1796,2024-08-07
2933080,972,586,6674,2024-08-07
800270,973,656,1667,2024-08-07
282800,974,504,5486,2024-08-07
2114740,975,514,9055,2024-08-07
203140,976,931,26137,2024-08-07
1970580,977,393,3733,2024-08-07
2244130,978,588,5772,2024-08-07
2439510,979,621,887,2024-08-07
365590,980,562,114228,2024-08-07
720620,981,665,1416,2024-08-07
42750,982,516,2780,2024-08-07
243470,983,544,47887,2024-08-07
1238000,984,527,3591,2024-08-07
1331550,985,894,10961,2024-08-07
1337520,986,326,45141,2024-08-07
2862610,987,720,5385,2024-08-07
392110,988,557,53435,2024-08-07
2071280,989,541,10018,2024-08-07
1352080,990,363,1526,2024-08-07
1718570,991,643,7828,2024-08-07
758190,992,367,5953,2024-08-07
1536610,993,686,3254,2024-08-07
1948280,994,482,5186,2024-08-07
1473350,995,337,5423,2024-08-07
2674290,996,474,481,2024-08-07
397900,997,1395,7707,2024-08-07
458750,998,356,376,2024-08-07
1158850,999,520,2523,2024-08-07
1977530,1000,886,2552,2024-08-07
